-- phpMyAdmin SQL Dump
-- version 5.2.1
-- https://www.phpmyadmin.net/
--
-- Gép: 127.0.0.1
-- Létrehozás ideje: 2025. Ápr 10. 18:09
-- Kiszolgáló verziója: 10.4.32-MariaDB
-- PHP verzió: 8.2.12

SET SQL_MODE = "NO_AUTO_VALUE_ON_ZERO";
START TRANSACTION;
SET time_zone = "+00:00";


/*!40101 SET @OLD_CHARACTER_SET_CLIENT=@@CHARACTER_SET_CLIENT */;
/*!40101 SET @OLD_CHARACTER_SET_RESULTS=@@CHARACTER_SET_RESULTS */;
/*!40101 SET @OLD_COLLATION_CONNECTION=@@COLLATION_CONNECTION */;
/*!40101 SET NAMES utf8mb4 */;

--
-- Adatbázis: `mozi`
--

-- --------------------------------------------------------

--
-- Tábla szerkezet ehhez a táblához `announcements`
--

CREATE TABLE `announcements` (
  `id` bigint(20) UNSIGNED NOT NULL,
  `title` varchar(255) NOT NULL,
  `content` text NOT NULL,
  `date` datetime NOT NULL,
  `createdby` text DEFAULT NULL,
  `created_at` timestamp NULL DEFAULT NULL,
  `updated_at` timestamp NULL DEFAULT NULL
) ENGINE=InnoDB DEFAULT CHARSET=utf8 COLLATE=utf8_hungarian_ci;

-- --------------------------------------------------------

--
-- Tábla szerkezet ehhez a táblához `announcement_reads`
--

CREATE TABLE `announcement_reads` (
  `id` bigint(20) UNSIGNED NOT NULL,
  `user_id` bigint(20) UNSIGNED NOT NULL,
  `announcement_id` bigint(20) UNSIGNED NOT NULL,
  `created_at` timestamp NULL DEFAULT NULL,
  `updated_at` timestamp NULL DEFAULT NULL
) ENGINE=InnoDB DEFAULT CHARSET=utf8 COLLATE=utf8_hungarian_ci;

-- --------------------------------------------------------

--
-- Tábla szerkezet ehhez a táblához `cart`
--

CREATE TABLE `cart` (
  `id` bigint(20) UNSIGNED NOT NULL,
  `user_id` bigint(20) UNSIGNED NOT NULL,
  `type` enum('movie','snack') NOT NULL,
  `movie_id` bigint(20) UNSIGNED DEFAULT NULL,
  `snack_id` bigint(20) UNSIGNED DEFAULT NULL,
  `darabszam` int(11) NOT NULL DEFAULT 1,
  `ar` decimal(10,0) NOT NULL,
  `created_at` timestamp NULL DEFAULT NULL,
  `updated_at` timestamp NULL DEFAULT NULL,
  `seat_row` int(11) DEFAULT NULL,
  `seat_column` int(11) DEFAULT NULL
) ENGINE=InnoDB DEFAULT CHARSET=utf8 COLLATE=utf8_hungarian_ci;

-- --------------------------------------------------------

--
-- Tábla szerkezet ehhez a táblához `category`
--

CREATE TABLE `category` (
  `id` bigint(20) UNSIGNED NOT NULL,
  `nev` varchar(255) NOT NULL,
  `uuid` varchar(255) DEFAULT NULL,
  `icon` varchar(255) DEFAULT NULL,
  `color` text DEFAULT NULL,
  `created_at` timestamp NULL DEFAULT NULL,
  `updated_at` timestamp NULL DEFAULT NULL
) ENGINE=InnoDB DEFAULT CHARSET=utf8 COLLATE=utf8_hungarian_ci;

--
-- A tábla adatainak kiíratása `category`
--

INSERT INTO `category` (`id`, `nev`, `uuid`, `icon`, `color`, `created_at`, `updated_at`) VALUES
(1, 'Akció', 'akcio', '<i class=\"ki-duotone ki-crown-2 fs-2\">\n <span class=\"path1\"></span>\n <span class=\"path2\"></span>\n <span class=\"path3\"></span>\n</i>', 'primary', '2025-02-01 17:45:07', '2025-02-01 17:45:07'),
(2, 'Dráma', 'drama', '<i class=\"ki-duotone ki-star fs-2\">\n</i>', 'info', '2025-02-01 17:45:07', '2025-02-01 17:45:07'),
(3, 'Vígjáték', 'vigjatek', '<i class=\"ki-duotone ki-abstract-4 fs-2\">\n <span class=\"path1\"></span>\n <span class=\"path2\"></span>\n</i>', 'secondary', '2025-02-01 17:45:07', '2025-02-01 17:45:07'),
(4, 'Horror', 'horror', '<i class=\"ki-duotone ki-abstract-47 fs-2\">\n <span class=\"path1\"></span>\n <span class=\"path2\"></span>\n</i>', 'success', '2025-02-01 17:45:07', '2025-02-01 17:45:07'),
(5, 'Mese', 'mese', '<i class=\"ki-duotone ki-abstract-22 fs-2\">\n <span class=\"path1\"></span>\n <span class=\"path2\"></span>\n</i>', 'warning', '2025-02-01 17:45:07', '2025-02-01 17:45:07'),
(6, 'Romantikus', 'romantikus', '<i class=\"ki-duotone ki-abstract-37 fs-2\">\n <span class=\"path1\"></span>\n <span class=\"path2\"></span>\n</i>', 'danger', '2025-02-01 17:45:07', '2025-02-01 17:45:07');

-- --------------------------------------------------------

--
-- Tábla szerkezet ehhez a táblához `logs`
--

CREATE TABLE `logs` (
  `id` bigint(20) UNSIGNED NOT NULL,
  `user_id` bigint(20) UNSIGNED NOT NULL,
  `action` varchar(255) NOT NULL,
  `details` text DEFAULT NULL,
  `created_at` timestamp NULL DEFAULT NULL,
  `updated_at` timestamp NULL DEFAULT NULL
) ENGINE=InnoDB DEFAULT CHARSET=utf8 COLLATE=utf8_hungarian_ci;

--
-- A tábla adatainak kiíratása `logs`
--

INSERT INTO `logs` (`id`, `user_id`, `action`, `details`, `created_at`, `updated_at`) VALUES
(1, 86, 'Regisztráció', 'Sikeres regisztráció.', '2025-04-10 09:11:46', '2025-04-10 09:11:46'),
(2, 86, 'Bejelentkezés', 'Sikeresen beléptél az oldalra.', '2025-04-10 09:11:57', '2025-04-10 09:11:57'),
(3, 87, 'Regisztráció', 'Sikeres regisztráció.', '2025-04-10 13:07:20', '2025-04-10 13:07:20'),
(4, 87, 'Bejelentkezés', 'Sikeresen beléptél az oldalra.', '2025-04-10 13:08:18', '2025-04-10 13:08:18'),
(5, 1, 'Bejelentkezés', 'Sikeresen beléptél az oldalra.', '2025-04-10 13:09:54', '2025-04-10 13:09:54'),
(6, 1, 'Bejelentkezés', 'Sikeresen beléptél az oldalra.', '2025-04-10 15:04:29', '2025-04-10 15:04:29'),
(7, 1, 'Kijelentkezés', 'Sikeresen kijelentkeztél.', '2025-04-10 15:16:22', '2025-04-10 15:16:22'),
(8, 1, 'Bejelentkezés', 'Sikeresen beléptél az oldalra.', '2025-04-10 15:16:54', '2025-04-10 15:16:54'),
(9, 1, 'Kijelentkezés', 'Sikeresen kijelentkeztél.', '2025-04-10 15:17:53', '2025-04-10 15:17:53'),
(10, 54, 'Bejelentkezés', 'Sikeresen beléptél az oldalra.', '2025-04-10 15:18:03', '2025-04-10 15:18:03'),
(11, 1, 'Kosár törlés', 'Sikeresen kitörölted a kosárnak a tartalmát.', '2025-04-10 15:30:40', '2025-04-10 15:30:40');

-- --------------------------------------------------------

--
-- Tábla szerkezet ehhez a táblához `migrations`
--

CREATE TABLE `migrations` (
  `id` int(10) UNSIGNED NOT NULL,
  `migration` varchar(255) NOT NULL,
  `batch` int(11) NOT NULL
) ENGINE=InnoDB DEFAULT CHARSET=utf8mb4 COLLATE=utf8mb4_unicode_ci;

--
-- A tábla adatainak kiíratása `migrations`
--

INSERT INTO `migrations` (`id`, `migration`, `batch`) VALUES
(1, '0001_01_01_000000_create_users_table', 1),
(10, '2025_01_26_162959_add_profilkep_to_users_table', 2),
(11, '2025_02_01_165934_category', 2),
(13, '2025_02_02_143147_categoryicon', 3),
(14, '2025_02_01_170233_movies', 4),
(15, '2025_02_03_114125_add_film_szin_to_movies_table', 5),
(16, '2025_02_05_181117_add_film_ev_to_movies_table', 6),
(17, '2025_02_07_141440_add_tmdb_genre_id_to_categories_table', 7),
(18, '2025_02_08_163003_categorycolor', 8),
(25, '2025_02_27_175538_create_cart_table', 13),
(26, '2025_03_01_134525_create_snack_categories_table', 14),
(29, '2025_03_01_110642_create_snacks_table', 15),
(30, '2025_03_03_131757_snackcategorycolor', 16),
(31, '2025_03_15_132333_create_announcements_table', 17),
(32, '2025_03_15_134253_add_announcements_createdby', 18),
(34, '2025_03_15_135044_add_announcements_isread', 19),
(35, '2025_03_15_152649_create_logs_table', 20),
(36, '2025_03_15_163603_add_total_spent_to_users_table', 21),
(37, '2025_03_15_165314_add_tickets_purchased_to_users_table', 22),
(38, '2025_04_07_162229_add_seats_to_movies_table', 23),
(39, '2025_04_07_164849_add_seat_row_and_column_to_carts_table', 24),
(40, '2025_04_10_164507_create_announcement_reads_table', 25);

-- --------------------------------------------------------

--
-- Tábla szerkezet ehhez a táblához `movies`
--

CREATE TABLE `movies` (
  `id` bigint(20) UNSIGNED NOT NULL,
  `category_id` bigint(20) UNSIGNED NOT NULL,
  `filmnev` varchar(255) NOT NULL,
  `film_ev` int(11) DEFAULT NULL,
  `filmleiras` varchar(255) NOT NULL,
  `film_szin` text DEFAULT NULL,
  `korhatar` varchar(255) NOT NULL,
  `jegyar` int(11) NOT NULL,
  `vetitesidatum` varchar(255) NOT NULL,
  `vetitesidopont` varchar(255) NOT NULL,
  `idotartam` varchar(255) NOT NULL,
  `filmkep` varchar(255) NOT NULL,
  `darabszam` int(11) NOT NULL,
  `foglalhato` tinyint(1) NOT NULL DEFAULT 1,
  `created_at` timestamp NULL DEFAULT NULL,
  `updated_at` timestamp NULL DEFAULT NULL,
  `seats` longtext CHARACTER SET utf8mb4 COLLATE utf8mb4_bin DEFAULT NULL CHECK (json_valid(`seats`))
) ENGINE=InnoDB DEFAULT CHARSET=utf8 COLLATE=utf8_hungarian_ci;

--
-- A tábla adatainak kiíratása `movies`
--

INSERT INTO `movies` (`id`, `category_id`, `filmnev`, `film_ev`, `filmleiras`, `film_szin`, `korhatar`, `jegyar`, `vetitesidatum`, `vetitesidopont`, `idotartam`, `filmkep`, `darabszam`, `foglalhato`, `created_at`, `updated_at`, `seats`) VALUES
(1, 1, 'Újra akcióban', 2025, '15 évvel azután, hogy eltűntek a CIA kötelékéből, hogy családot alapíthassanak, két elit ügynöknek vissza kell térnie a kémkedés világába, amikor lelepleződnek.', NULL, 'https://szalkaimozi.hu/images/ages/3-circle.svg', 1470, '2025-04-07', '12:45', '1 óra 54 perc', 'https://media.themoviedb.org/t/p/w300_and_h450_bestv2/2RqaI9gaM4mbDVFXShEQAlsw9YI.jpg', 120, 0, '2025-02-05 09:32:14', '2025-04-08 16:13:45', NULL),
(3, 1, 'The Gardener', 2025, 'Serge egy államtitkot őriz. Ő, a családja és a kertész Leo szerepelnek a kormány halállistáján. Megpróbálnak tervet kidolgozni, hogy életben maradjanak.', NULL, 'https://szalkaimozi.hu/images/ages/3-circle.svg', 1590, '2025-04-02', '12:45', '1 óra 50 perc', 'https://media.themoviedb.org/t/p/w300_and_h450_bestv2/5T9WR7vIOnHm6xhVt5zBuPbBgt1.jpg', 120, 1, '2025-02-05 09:40:00', '2025-04-08 13:33:42', NULL),
(4, 1, 'Gengszterzsaruk 2 Pantera', 2025, 'A Los Angeles-i zsaru, \"Nagy\" Nick (Gerald Butler) legutóbb nem aratott teljes sikert… Most ismét beleveti magát a hajszába, hogy kézrekerítse a markából kicsúszó Donnie-t (O’Shea Jackson Jr.)', NULL, 'https://szalkaimozi.hu/images/ages/4-circle.svg', 1590, '2025-03-31', '15:45', '2 óra 24 perc', 'https://media.themoviedb.org/t/p/w300_and_h450_bestv2/zLHq7fQA3xpck5UIHcRYgip5pQD.jpg', 120, 1, '2025-02-05 09:43:17', '2025-04-08 13:35:39', NULL),
(5, 1, 'Flight Risk', 2025, 'Egy amerikai rendőrbíró elkísér egy koronatanút a tárgyalásra, miután azzal vádolják, hogy kapcsolatba került egy maffiafőnökkel, ám kiderül, hogy a pilóta, aki szállítja őket, egyben bérgyilkos is, akit az informátor meggyilkolására küldtek.', NULL, 'https://szalkaimozi.hu/images/ages/4-circle.svg', 1590, '2025-04-02', '15:45', '1 óra 31 perc', 'https://media.themoviedb.org/t/p/w300_and_h450_bestv2/4cR3hImKd78dSs652PAkSAyJ5Cx.jpg', 120, 1, '2025-02-05 09:47:21', '2025-04-08 13:12:30', NULL),
(6, 1, 'Országúti diszkó', 2025, 'A volt UFC harcos Dalton elfogad egy kidobó állást egy Florida Keys-i bárban, csakhogy rá kell jönnie, hogy ez a paradicsom nem az, aminek látszik.', NULL, 'https://szalkaimozi.hu/images/ages/4-circle.svg', 1590, '2025-04-07', '15:45', '2 óra 1 perc', 'https://media.themoviedb.org/t/p/w300_and_h450_bestv2/3qNkFp4HqRdAeLjlzh0DyxLyEL9.jpg', 120, 1, '2025-02-05 09:50:27', '2025-04-08 13:12:30', NULL),
(7, 1, 'Amerika Kapitány: Szép új világ', 2025, 'Miután hőseinknek sikerült legyőzniük az univerzum legnagyobb gonoszát, Thanost, maga Amerika Kapitány juttatta vissza a végtelen köveket az eredeti helyükre.', NULL, 'https://szalkaimozi.hu/images/ages/3-circle.svg', 1590, '2025-06-16', '15:45', '1 óra 59 perc', 'https://media.themoviedb.org/t/p/w300_and_h450_bestv2/pN4iFudmQ0xg4rCx4I7ptm8eueM.jpg', 120, 1, '2025-02-05 09:54:20', '2025-04-08 13:45:12', NULL),
(8, 1, 'Kraven a vadász', 2024, 'A gonoszok nem születnek. Azzá nevelik őket. Kraven, a vadász (Aaron Taylor-Johnson), Pókember egyik legveszélyesebb ellensége, a Baljós Hatos alapító tagja sem gonosznak született.', NULL, 'https://szalkaimozi.hu/images/ages/3-circle.svg', 1590, '2025-06-16', '15:45', '2 óra 7 perc', 'https://media.themoviedb.org/t/p/w300_and_h450_bestv2/nrlfJoxP1EkBVE9pU62L287Jl4D.jpg', 120, 1, '2025-02-05 09:56:39', '2025-04-07 18:16:30', NULL),
(9, 1, 'A Gyűrűk Ura: A rohírok háborúja', 2024, '183 évvel „A Gyűrűk Ura: A két torony” eseményei előtt: Pörölykezű Helm Rohan új, hatalmas királya Edorasban.', NULL, 'https://szalkaimozi.hu/images/ages/4-circle.svg', 1590, '2025-04-09', '20:00', '2 óra 14 perc', 'https://media.themoviedb.org/t/p/w300_and_h450_bestv2/cP1KrriBxC0VvBvxaoZ2QchnHqD.jpg', 120, 1, '2025-02-05 10:19:55', '2025-04-09 17:59:24', '[[\"szabad\",\"szabad\",\"szabad\",\"szabad\",\"szabad\",\"szabad\",\"szabad\",\"szabad\",\"szabad\",\"szabad\",\"szabad\",\"szabad\",\"szabad\",\"szabad\",\"szabad\"],[\"szabad\",\"szabad\",\"szabad\",\"szabad\",\"szabad\",\"szabad\",\"szabad\",\"szabad\",\"szabad\",\"szabad\",\"szabad\",\"szabad\",\"szabad\",\"szabad\",\"szabad\"],[\"szabad\",\"szabad\",\"szabad\",\"szabad\",\"szabad\",\"szabad\",\"szabad\",\"szabad\",\"szabad\",\"szabad\",\"szabad\",\"szabad\",\"szabad\",\"szabad\",\"szabad\"],[\"szabad\",\"szabad\",\"szabad\",\"szabad\",\"szabad\",\"szabad\",\"szabad\",\"szabad\",\"szabad\",\"szabad\",\"szabad\",\"szabad\",\"szabad\",\"szabad\",\"szabad\"],[\"szabad\",\"szabad\",\"szabad\",\"szabad\",\"szabad\",\"szabad\",\"szabad\",\"szabad\",\"szabad\",\"szabad\",\"szabad\",\"szabad\",\"szabad\",\"szabad\",\"szabad\"],[\"szabad\",\"szabad\",\"szabad\",\"szabad\",\"szabad\",\"szabad\",\"szabad\",\"szabad\",\"szabad\",\"szabad\",\"szabad\",\"szabad\",\"szabad\",\"szabad\",\"szabad\"],[\"szabad\",\"szabad\",\"szabad\",\"szabad\",\"szabad\",\"szabad\",\"szabad\",\"szabad\",\"szabad\",\"szabad\",\"szabad\",\"szabad\",\"szabad\",\"szabad\",\"szabad\"],[\"szabad\",\"szabad\",\"szabad\",\"szabad\",\"szabad\",\"szabad\",\"szabad\",\"szabad\",\"szabad\",\"szabad\",\"szabad\",\"szabad\",\"szabad\",\"szabad\",\"szabad\"]]'),
(10, 1, 'A hullahó-akció', 2024, 'Van az Északi-sarkon egy titkos bázis. Különlegesen kiképzett szolgálat őrzi, high-tech kütyük segítségével irányítják, és a személyzete csupán egyetlen, pontosan meghatározott célra koncentrál.', NULL, 'https://szalkaimozi.hu/images/ages/3-circle.svg', 1590, '2025-04-03', '15:45', '1 óra 42 perc', 'https://media.themoviedb.org/t/p/w300_and_h450_bestv2/dKSwjhRemOYbUn1qV5KqyFSZyaB.jpg', 120, 1, '2025-02-05 10:22:27', '2025-04-08 13:12:30', NULL),
(11, 1, 'Kingdom IV: Return of the Great General', 2024, 'A „Mayangi csata” folytatását mutatja be, a szomszédos ország, Zhao elleni totális háborút, amelyben Shin és Wang Ki az előző, „A sors lángja” című műben harcolt.', NULL, 'https://szalkaimozi.hu/images/ages/4-circle.svg', 1590, '2025-06-12', '15:45', '2 óra 26 perc', 'https://media.themoviedb.org/t/p/w300_and_h450_bestv2/qZKKwXyZ92K0mIRpf2FbCkQa7oO.jpg', 120, 1, '2025-02-05 10:28:25', '2025-04-09 06:49:06', '[[\"szabad\",\"szabad\",\"szabad\",\"szabad\",\"szabad\",\"szabad\",\"szabad\",\"szabad\",\"szabad\",\"szabad\",\"szabad\",\"szabad\",\"szabad\",\"szabad\",\"szabad\"],[\"szabad\",\"szabad\",\"szabad\",\"szabad\",\"szabad\",\"szabad\",\"szabad\",\"szabad\",\"szabad\",\"szabad\",\"szabad\",\"szabad\",\"szabad\",\"szabad\",\"szabad\"],[\"szabad\",\"szabad\",\"szabad\",\"szabad\",\"szabad\",\"szabad\",\"szabad\",\"szabad\",\"szabad\",\"szabad\",\"szabad\",\"szabad\",\"szabad\",\"szabad\",\"szabad\"],[\"szabad\",\"szabad\",\"szabad\",\"szabad\",\"szabad\",\"szabad\",\"szabad\",\"szabad\",\"szabad\",\"szabad\",\"szabad\",\"szabad\",\"szabad\",\"szabad\",\"szabad\"],[\"szabad\",\"szabad\",\"szabad\",\"szabad\",\"szabad\",\"szabad\",\"szabad\",\"szabad\",\"szabad\",\"szabad\",\"szabad\",\"szabad\",\"szabad\",\"szabad\",\"szabad\"],[\"szabad\",\"szabad\",\"szabad\",\"szabad\",\"szabad\",\"szabad\",\"szabad\",\"szabad\",\"szabad\",\"szabad\",\"szabad\",\"szabad\",\"szabad\",\"szabad\",\"szabad\"],[\"szabad\",\"szabad\",\"szabad\",\"szabad\",\"szabad\",\"szabad\",\"szabad\",\"szabad\",\"szabad\",\"szabad\",\"szabad\",\"szabad\",\"szabad\",\"szabad\",\"szabad\"],[\"szabad\",\"szabad\",\"szabad\",\"szabad\",\"szabad\",\"szabad\",\"szabad\",\"szabad\",\"szabad\",\"szabad\",\"szabad\",\"szabad\",\"szabad\",\"szabad\",\"szabad\"]]'),
(12, 1, 'Aftermath', 2024, 'Egy hazatérő háborús veterán, akit poszttraumás stressz szindróma sújt, akaratlanul csapdába esik tizenéves húgával a bostoni Tobin Memorial Bridge-en, amikor egy erősen felfegyverzett, volt katonai forradalmárokból álló csoport mindenkit túszul ejt.', NULL, 'https://szalkaimozi.hu/images/ages/3-circle.svg', 1590, '2025-06-12', '15:45', '1 óra 35 perc', 'https://media.themoviedb.org/t/p/w300_and_h450_bestv2/gEHIVyJB9VWLF3cuJOpYjJjegd1.jpg', 120, 1, '2025-02-05 10:30:23', '2025-04-08 14:59:45', NULL),
(13, 1, 'Absolution', 2024, 'Egy idősödő gengszter megpróbál újra kapcsolatba lépni a gyermekeivel és helyrehozni a múltjában elkövetett hibákat, de a bűnözői alvilág nem enged a szorításából.', NULL, 'https://szalkaimozi.hu/images/ages/3-circle.svg', 1590, '2025-04-04', '15:45', '1 óra 52 perc', 'https://media.themoviedb.org/t/p/w300_and_h450_bestv2/gt70JOD9xsPlpJnuBJAWdOT4yRg.jpg', 120, 1, '2025-02-05 10:32:07', '2025-04-08 13:12:30', NULL),
(14, 1, 'Deadpool & Rozsomák', 2024, 'A kedveszegett Wade Wilson számára a polgári élet kész kínlódás. Az erkölcsileg rugalmas zsoldos gyúnyáját végleg szögre akasztotta, amikor azonban világát a megsemmisülés fenyegeti, vonakodva bár, de ismét magára ölti jelmezét és még vonakvóbb… ', NULL, 'https://szalkaimozi.hu/images/ages/3-circle.svg', 1590, '2025-06-12', '15:45', '2 óra 8 perc', 'https://media.themoviedb.org/t/p/w300_and_h450_bestv2/z2uyBylD1UVX397OsjdiL6eyXGA.jpg', 120, 1, '2025-02-05 10:35:11', '2025-04-07 19:44:41', NULL),
(15, 1, 'Szemet szemért 2', 2024, 'A harcművészetekben jártas, vak kardforgató, Cheng Xiazi (Xie Miao) véletlenül megmenti a családja pusztulásától szenvedő Zhang Xiaoyut (Yang Enyou). Az árva Xiaoyu rábeszélésére Cheng vonakodva maga mellett tartja, és megtanítja őt a képességekre.', NULL, 'https://szalkaimozi.hu/images/ages/5-circle.svg', 1590, '2025-06-10', '15:45', '1 óra 30 perc', 'https://media.themoviedb.org/t/p/w300_and_h450_bestv2/mkfznkTshGBp88SFQQAGsr3R62z.jpg', 120, 1, '2025-02-05 10:38:53', '2025-04-08 09:19:37', NULL),
(16, 1, 'Z Apokalipszis: A vég kezdete', 2024, 'Amikor egyfajta veszettség, amely az embereket agresszív lényekké változtatja, elterjed az egész bolygón, Manel elszigetelődik otthon a macskájával, és az eszére hagyatkozva próbál túlélni.', NULL, 'https://szalkaimozi.hu/images/ages/4-circle.svg', 1590, '2025-06-18', '15:45', '1 óra 59 perc', 'https://media.themoviedb.org/t/p/w300_and_h450_bestv2/svMEVJDimGYtNAMmapHYFTUzL9o.jpg', 120, 1, '2025-02-05 10:40:53', '2025-04-08 09:19:41', NULL),
(17, 1, 'Kínai negyed nyomozó 1900', 2025, 'Az 1900-as évek San Franciscójában a kínai negyedben meggyilkolnak egy fehér nőt, és a gyanúsított egy kínai férfi. A gyilkosság társadalmi megrázkódtatást okoz, és a közvélemény a kínai negyed betiltását követeli.', NULL, 'https://szalkaimozi.hu/images/ages/5-circle.svg', 1590, '2025-06-20', '15:45', '2 óra 15 perc', 'https://media.themoviedb.org/t/p/w300_and_h450_bestv2/3UfCRovdz0hoRsOTGyKIyvv5wu7.jpg', 120, 1, '2025-02-05 10:46:00', '2025-04-08 09:19:44', NULL),
(18, 1, 'Kézipoggyász', 2024, 'Egy biztonsági tiszt igyekszik túljárni egy rejtélyes utas eszén, aki arra kényszeríti, hogy engedjen fel egy veszélyes tárgyat egy zsúfolt karácsonyi repülőgépjáratra.', NULL, 'https://szalkaimozi.hu/images/ages/4-circle.svg', 1590, '2025-06-20', '15:45', '2 óra', 'https://media.themoviedb.org/t/p/w300_and_h450_bestv2/7lXkvAUDEqIojdtwvYKZTZp8Mo9.jpg', 120, 1, '2025-02-05 10:47:03', '2025-04-08 09:19:47', NULL),
(19, 1, 'Szombat esti főmérkőzés XXXVII', 2024, 'A vitathatatlan WWE-bajnok Cody Rhodes és Kevin Owens összecsapnak, amikor a szombat esti Main Event visszatér az NBC-re. Emellett a World Tag Team bajnok Finn Bálor a „The Ring General” Guntherrel csap össze a Nehézsúlyú világbajnoki címért.', NULL, 'https://szalkaimozi.hu/images/ages/4-circle.svg', 1590, '2025-04-05', '15:45', '1 óra 22 perc', 'https://media.themoviedb.org/t/p/w300_and_h450_bestv2/4wVEOOX8VEGWwEuuIWuN3XT1Avq.jpg', 120, 1, '2025-02-05 10:49:13', '2025-04-08 13:12:30', NULL),
(20, 1, 'Ferry 2.', 2024, 'Drogbirodalma elvesztése után Ferry Bouman viszonylagos békére lelt távol a brabanti alvilágtól – mígnem a múltja utoléri.', NULL, 'https://szalkaimozi.hu/images/ages/4-circle.svg', 1590, '2025-06-20', '15:45', '1 óra 35 perc', 'https://media.themoviedb.org/t/p/w300_and_h450_bestv2/8pwdnL3pEISIN1EGmwZzU6hpNVk.jpg', 120, 1, '2025-02-05 10:49:56', '2025-03-18 15:16:56', NULL),
(21, 1, 'Godzilla x Kong Az új birodalom', 2024, 'A robbanásszerű leszámolást követően Godzillának és Kongnak újra össze kell fogniuk a világunkban megbúvó kolosszális, fel nem fedezett fenyegetés ellen, amely megkérdőjelezi létüket – és a miénket is.', NULL, 'https://szalkaimozi.hu/images/ages/4-circle.svg', 1590, '2025-04-05', '15:45', '1 óra 54 perc', 'https://media.themoviedb.org/t/p/w300_and_h450_bestv2/gPQB24hdroWenCZHzOL2IWGjzaU.jpg', 120, 1, '2025-02-05 11:09:53', '2025-04-08 13:12:30', NULL),
(22, 1, 'Bad Boys Mindent vagy többet', 2024, 'Mike Lowrey (Will Smith) és Marcus Burnett (Martin Lawrence) nyomozók ismét egy kemény balhéba keverednek. A páros egy korrupciós botrány nyomába ered, amely egyenesen a miami rendőrség szívébe vezeti őket.', NULL, 'https://szalkaimozi.hu/images/ages/4-circle.svg', 1590, '2025-02-21', '15:45', '1 óra 50 perc', 'https://media.themoviedb.org/t/p/w300_and_h450_bestv2/LIzDFah3AyGxCNSsjfN3K5gxi5.jpg', 120, 1, '2025-02-05 11:12:26', '2025-04-08 13:12:30', NULL),
(23, 1, 'Amikor leszáll az éj', 2024, 'Senki nem tudja, honnan jöttek és miért vannak itt. Egy dolog biztos, sötétedés után érkeznek és mindent elpusztítanak, ami az útjukba kerül.', NULL, 'https://szalkaimozi.hu/images/ages/4-circle.svg', 1590, '2025-02-21', '15:45', '1 óra 32 perc', 'https://media.themoviedb.org/t/p/w300_and_h450_bestv2/4ZLe0Nn77tz0lSCmHjlbNOoYl8N.jpg', 120, 1, '2025-02-05 11:13:42', '2025-04-08 13:12:30', NULL),
(24, 1, 'A holló', 2024, 'A Holló a kultikus Brandon Lee-féle fantasy remake-je. Főhőse a fiatalon elhunyt Eric, aki hollóként tér vissza a Földre, hogy bosszút álljon azokon, akik egy évvel korábban elvették az ő és szerelme életét.', NULL, 'https://szalkaimozi.hu/images/ages/4-circle.svg', 1590, '2025-02-21', '15:45', '1 óra 51 perc', 'https://media.themoviedb.org/t/p/w300_and_h450_bestv2/ApMpFMxsrDMpPZftNgrqgxqeNEt.jpg', 120, 1, '2025-02-05 11:14:46', '2025-04-08 13:12:30', NULL),
(25, 1, 'A majmok bolygója: A birodalom', 2024, 'Több nemzedékkel Caesar után a harmóniában élő majmok jelentik a dominás fajt a bolygón, míg az emberek arra kényszerültek, hogy rejtőzködve éljenek.', NULL, 'https://szalkaimozi.hu/images/ages/4-circle.svg', 1590, '2025-02-21', '15:45', '2 óra 25 perc', 'https://media.themoviedb.org/t/p/w300_and_h450_bestv2/pbkE5ITvP7srkQ80ik10xvD8usQ.jpg', 120, 1, '2025-02-05 11:16:52', '2025-04-08 13:12:30', NULL),
(26, 1, 'Páncél mögött', 2024, 'Egy apa és fia, akik biztonsági őrként dolgoznak egy páncélautó-vállalatnál, egy hídon találkoznak egy csapat leendő rablóval. Csapdába esnek, és ki kell találniuk egy tervet a menekülésre és a túlélésük biztosítására.', NULL, 'https://szalkaimozi.hu/images/ages/4-circle.svg', 1590, '2025-06-21', '15:45', '1 óra 29 perc', 'https://media.themoviedb.org/t/p/w300_and_h450_bestv2/pnXLFioDeftqjlCVlRmXvIdMsdP.jpg', 120, 1, '2025-02-05 11:18:14', '2025-04-08 14:51:09', NULL),
(27, 1, 'Hétvégi hajsza', 2024, 'John Lawlor, a pitbullos DEA-ügynök erősen kötődik a munkájához. Nincs olyan rosszfiú, akit ne tudna megállítani, és nincs olyan, amit ne áldozna fel egy ügy lezárásáért.', NULL, 'https://szalkaimozi.hu/images/ages/4-circle.svg', 1590, '2025-06-21', '15:45', '1 óra 41 perc', 'https://media.themoviedb.org/t/p/w300_and_h450_bestv2/pFrAVuSJG2wsoDc5qItdDaZ6Lcn.jpg', 120, 1, '2025-02-05 11:19:55', '2025-04-07 14:41:57', NULL),
(28, 1, 'Menekülés a csendbe', 2024, 'Az időjárás hirtelen romlása miatt rendkívül rosszak a látási viszonyok egy repülőtérre vezető hídon. Hamarosan egy sor autó ütközik egymásnak tömegszerencsétlenséget előidézve.', NULL, 'https://szalkaimozi.hu/images/ages/4-circle.svg', 1590, '2025-06-21', '15:45', '1 óra 35 perc', 'https://media.themoviedb.org/t/p/w300_and_h450_bestv2/fttoFfKikQMwIoV3UVvlCvBhbUw.jpg', 120, 1, '2025-02-05 11:21:06', '2025-03-18 15:16:57', NULL),
(29, 1, 'Top Gun: Maverick', 2022, 'Több mint harminc évnyi szolgálat után a haditengerészet egyik legkiválóbb pilótájaként, kikerülve a földi szolgálathoz szükséges előléptetést, Pete „Maverick” Mitchell azon kapja magát.', NULL, 'https://szalkaimozi.hu/images/ages/3-circle.svg', 1590, '2025-06-21', '15:45', '2 óra 11 perc', 'https://media.themoviedb.org/t/p/w300_and_h450_bestv2/tJCErs6CrSHWdqOaC1LprTmNA1O.jpg', 120, 1, '2025-02-05 11:22:24', '2025-03-18 15:16:57', NULL),
(30, 1, 'Ölj meg, ha tudsz!', 2024, 'Egy elit bérgyilkosnak, akit végstádiumban lévő betegséggel diagnosztizáltak, szembe kell szállnia egy sereg bérgyilkossal és visszanyerni élete szerelmének szívét, mielőtt túl késő lenne.', NULL, 'https://szalkaimozi.hu/images/ages/4-circle.svg', 1590, '2025-06-21', '15:45', '1 óra 44 perc', 'https://media.themoviedb.org/t/p/w300_and_h450_bestv2/pgZrltv8kw81edsv5B0cvdmsxZV.jpg', 120, 1, '2025-02-05 11:23:35', '2025-03-18 15:16:57', NULL),
(31, 1, 'GTMAX', 2024, 'Soélie, a fiatal motokrossz csodagyerek, akinek sikerről szőtt álmai egy baleset miatt szertefoszlanak. Most bátyja, Michael edzésének szenteli magát. Amikor a TMAX robogóversenyzői beszervezik őt egy nagyszabású párizsi rablásra.', NULL, 'https://szalkaimozi.hu/images/ages/4-circle.svg', 1590, '2025-06-21', '15:45', '1 óra 40 perc', 'https://media.themoviedb.org/t/p/w300_and_h450_bestv2/bx92hl70NUhojjO3eV6LqKllj4L.jpg', 120, 1, '2025-02-05 11:25:38', '2025-03-18 15:16:57', NULL),
(32, 1, 'Polgárháború', 2024, 'A közeljövőben, a polgárháború által feldúlt Egyesült Államokban, háborús újságírók egy csoportja próbál túlélni miközben beszámol az igazságról.', NULL, 'https://szalkaimozi.hu/images/ages/5-circle.svg', 1590, '2025-06-21', '15:45', '1 óra 49 perc', 'https://media.themoviedb.org/t/p/w300_and_h450_bestv2/oCzzgAJcl52ntF0RZrW6hvPk93d.jpg', 120, 1, '2025-02-05 11:36:13', '2025-03-18 15:16:57', NULL),
(33, 1, 'Furiosa: Történet a Mad Maxből', 2024, 'Ki tudja, már, miért lett vége a világnak? Miért lett belőle végtelen, gonosz homoksivatag? Csak annyi biztos, hogy a világ elpusztult, és egy fiatal lányt, Furiosát elrabolják a Zöld Helyről, a Sok Anyától.', NULL, 'https://szalkaimozi.hu/images/ages/4-circle.svg', 1590, '2025-06-21', '15:45', '2 óra 29 perc', 'https://media.themoviedb.org/t/p/w300_and_h450_bestv2/kLRK25kSphppMGB2ag00NAl1j54.jpg', 120, 1, '2025-02-05 11:56:14', '2025-03-18 15:16:57', NULL),
(34, 1, 'Gépeltérítés - 1971', 2024, 'A valós eseményen alapuló történetben a koreai Gimpóba tartó menetrendszerű belföldi járat sorsa szerencsétlen fordulatot vesz.', NULL, 'https://szalkaimozi.hu/images/ages/3-circle.svg', 1590, '2025-06-21', '15:45', '1 óra 40 perc', 'https://media.themoviedb.org/t/p/w300_and_h450_bestv2/ds7tdlCo01QWJziJwRVl9yKFKVH.jpg', 120, 1, '2025-02-05 11:57:34', '2025-03-18 15:16:57', NULL),
(36, 1, 'The Prosecutor', 2024, 'Egy szegény fiatalembert tévesen vádolnak meg kábítószer-kereskedelemmel, miután becsapták. Egy volt ügyész nyomoz az ügyben, leleplezi a korrupt ügyvédcsapat cselszövését, és a gonosz erők akadályozása ellenére helyreállítja az igazságszolgáltatást.', NULL, 'https://szalkaimozi.hu/images/ages/3-circle.svg', 1590, '2025-06-21', '15:45', '1 óra 57 perc', 'https://media.themoviedb.org/t/p/w300_and_h450_bestv2/q8Wmy23507g5QI3J0kiMof3wlcb.jpg', 120, 1, '2025-02-05 11:59:11', '2025-03-18 15:16:57', NULL),
(37, 1, 'A méhész', 2024, 'Adam Clay (Jason Statham) nyugodt életet él méhészként. Kiderül hogy egykor egy titokzatos, titkos kormányzati ügynökség, a \"Méhészek\" nevű szervezet ügynöke volt.', NULL, 'https://szalkaimozi.hu/images/ages/5-circle.svg', 1590, '2025-06-21', '15:45', '1 óra 45 perc', 'https://media.themoviedb.org/t/p/w300_and_h450_bestv2/hselS7gFZgP3djhmaYDLID9iwqc.jpg', 120, 1, '2025-02-05 12:00:51', '2025-03-18 15:16:57', NULL),
(46, 2, 'Lucca világa', 2025, 'Bárbara Indiába utazik a családjával egy kísérleti kezelésre, mert mindenáron segíteni akar a fián.', NULL, 'https://szalkaimozi.hu/images/ages/3-circle.svg', 1590, '2025-02-12', '12:45', '1 óra 36 perc', 'https://media.themoviedb.org/t/p/w300_and_h450_bestv2/fX3Q5hxUAUs1k8JQkNTwFpBd6BC.jpg', 120, 1, '2025-02-11 08:25:58', '2025-04-07 14:29:13', NULL),
(47, 2, 'Number 24', 2024, 'A második világháború küszöbén egy norvég fiatalember nácik ellen szervezett ellenállási mozgalma egészen új irányba tereli az ő – és a hazája – jövőjét.', NULL, 'https://szalkaimozi.hu/images/ages/3-circle.svg', 1590, '2025-04-01', '14:25', '1 óra 52 perc', 'https://media.themoviedb.org/t/p/w300_and_h450_bestv2/rzsmKSFEsEWBLbJ968abffnfYZ7.jpg', 120, 1, '2025-02-11 08:28:24', '2025-04-07 17:53:41', NULL),
(48, 2, 'Egy csiga emlékiratai', 2024, 'Az árvaságra jutott ikertestvérétől erőszakkal elválasztott, melankolikus kisemmizett lány megtanulja, hogyan találja meg önmagában az önbizalmat a szerencsétlenségek és a mindennapok zűrzavarában.', NULL, 'https://szalkaimozi.hu/images/ages/3-circle.svg', 1590, '2025-04-01', '14:45', '1 óra 34 perc', 'https://media.themoviedb.org/t/p/w300_and_h450_bestv2/57AgZv1ITeBLShiNdchZ5153evs.jpg', 120, 1, '2025-02-11 08:37:16', '2025-04-07 14:28:06', NULL),
(49, 2, 'Anora', 2024, 'Anora, a brooklyni szexmunkásnő esélyt kap egy Hamupipőke-történetre, amikor találkozik egy oligarcha fiával, és feleségül megy hozzá.', NULL, 'https://szalkaimozi.hu/images/ages/5-circle.svg', 1590, '2025-03-31', '12:45', '2 óra 19 perc', 'https://media.themoviedb.org/t/p/w300_and_h450_bestv2/7MrgIUeq0DD2iF7GR6wqJfYZNeC.jpg', 120, 1, '2025-02-11 08:40:35', '2025-04-07 17:12:20', NULL),
(50, 2, 'Belyas', 2025, 'Audrey Avila, Denise Esteban és Dani Yoshida a főszerepben, mint a fülledt Belyas. Egy háziasszony, aki belefáradt az őt irányító férjébe, más irányt vesz, amikor két fiatal prostituált bérli a lakásukat.', NULL, 'https://szalkaimozi.hu/images/ages/5-circle.svg', 1590, '2025-04-02', '16:45', '1 óra 10 perc', 'https://media.themoviedb.org/t/p/w300_and_h450_bestv2/zPIaNQaQKtCIOs95x4GmaJ6omco.jpg', 120, 1, '2025-02-11 08:43:14', '2025-04-07 17:12:20', NULL),
(51, 5, 'Vaiana 2', 2024, 'A Vaiana 2 egy új, hatalmas utazásra viszi a közönséget Vaianával, Mauival és egy új legénységgel. Miután Vaiana váratlan hívást kap útkereső őseiktől, Óceánia távoli tengereire és veszélyes.', NULL, 'https://szalkaimozi.hu/images/ages/2-circle.svg', 1590, '2025-07-15', '14:50', '1 óra 39 perc', 'https://media.themoviedb.org/t/p/w300_and_h450_bestv2/7l3NDBUuxsBpdZZqD8Jc9atAkd7.jpg', 120, 1, '2025-02-14 08:57:49', '2025-04-07 18:21:01', NULL),
(52, 1, 'Bad Boys Mindent vagy többet', 2024, 'Mike Lowrey (Will Smith) és Marcus Burnett (Martin Lawrence) nyomozók ismét egy kemény balhéba keverednek. A páros egy korrupciós botrány nyomába ered, amely egyenesen a miami rendőrség szívébe vezeti őket.', NULL, 'https://szalkaimozi.hu/images/ages/4-circle.svg', 1590, '2025-02-16', '14:25', '1 óra 50 perc', 'https://www.themoviedb.org/t/p/w600_and_h900_bestv2/LIzDFah3AyGxCNSsjfN3K5gxi5.jpg', 120, 1, '2025-02-14 08:59:48', '2025-04-08 13:12:30', NULL),
(53, 1, 'Cápák a Szajnában', 2024, 'Egy párizsi vérfürdő megakadályozása érdekében egy gyászoló tudós kénytelen szembenézni saját tragikus múltjával, amikor a Szajnában felbukkan egy óriási cápa.', NULL, 'https://szalkaimozi.hu/images/ages/4-circle.svg', 1590, '2025-02-16', '14:40', '1 óra 44 perc', 'https://www.themoviedb.org/t/p/w600_and_h900_bestv2/o1gcHwlxJ6Zmd1OoKI08rZDgFww.jpg', 120, 1, '2025-02-14 09:00:42', '2025-04-08 13:12:30', NULL),
(54, 5, 'Mufasa Az oroszlánkirály', 2024, 'Kiara, Simba és Nala kislánya Rafiki segítségével, no meg Timon és Pumbaa hathatós közreműködésével ismeri meg nagyapja, Mufasa legendáját.', NULL, 'https://szalkaimozi.hu/images/ages/2-circle.svg', 1590, '2025-07-24', '15:45', '1 óra 58 perc', 'https://media.themoviedb.org/t/p/w300_and_h450_bestv2/4j8RcyZeK8qFO9tCrzHkMFOOL5R.jpg', 120, 1, '2025-02-14 09:01:13', '2025-03-18 16:37:23', NULL),
(55, 1, 'Aquaman és az elveszett királyság', 2023, 'Az óceán soha nem békés! Ezért nem pihenhet meg egyetlen percre sem az óceánok hét királyságának uralkodója. Black Manta megpróbálta már legyőzni Aquamant, a világ tengereinek urát (Jason Momoa), de kudarcot vallott. ', NULL, 'https://szalkaimozi.hu/images/ages/3-circle.svg', 1590, '2025-02-17', '10:25', '2 óra 4 perc', 'https://www.themoviedb.org/t/p/w600_and_h900_bestv2/vCK1W5IE1bwOBnw2fTDltg3UJh3.jpg', 120, 1, '2025-02-14 09:04:25', '2025-04-08 13:12:30', NULL),
(56, 5, 'A Gyűrűk Ura A rohírok háborúja', 2024, '183 évvel „A Gyűrűk Ura: A két torony” eseményei előtt: Pörölykezű Helm Rohan új, hatalmas királya Edorasban. Amikor királyságát a dúnföldiek fenyegetik.', NULL, 'https://szalkaimozi.hu/images/ages/2-circle.svg', 1590, '2025-06-05', '12:45', '2 óra 14 perc', 'https://media.themoviedb.org/t/p/w300_and_h450_bestv2/cP1KrriBxC0VvBvxaoZ2QchnHqD.jpg', 120, 1, '2025-02-14 09:05:20', '2025-04-07 14:32:42', NULL),
(57, 1, 'A kaszkadőr', 2024, 'Hősünk kaszkadőr, és mint mindenkit a kaszkadőrközösségben, őt is felrobbantják, lelövik, elütik, kidobják ablakokon és leejtik magas helyekről, a mi szórakoztatásunkra.', NULL, 'https://szalkaimozi.hu/images/ages/4-circle.svg', 1590, '2025-02-15', '14:25', '2 óra 7 perc', 'https://www.themoviedb.org/t/p/w600_and_h900_bestv2/vBPAyXEtnqiOnaUzBjgALh6lbxY.jpg', 120, 1, '2025-02-14 09:06:50', '2025-04-08 13:12:30', NULL),
(58, 5, 'Áradás', 2024, 'Egy magányos macska, akit egy nagy árvíz elűzött, egy hajón talál menedéket különböző fajokkal, és együtt kell megküzdeniük az átalakult világhoz való alkalmazkodás kihívásaival.', NULL, 'https://szalkaimozi.hu/images/ages/2-circle.svg', 1590, '2025-06-04', '18:20', '1 óra 25 perc', 'https://media.themoviedb.org/t/p/w300_and_h450_bestv2/a5FpJHgpcBjRPgtxsPukEOMI9nr.jpg', 120, 1, '2025-02-14 09:07:23', '2025-03-18 16:37:23', NULL),
(59, 1, 'Balhés ikrek', 2024, 'Egy megjavult bűnöző próbálkozása a jó útra térésre kisiklik, amikor újra összejön a józanságát próbára tevő ikertestvérével egy út során, életének legnagyobb dobására készülve. ', NULL, 'https://szalkaimozi.hu/images/ages/3-circle.svg', 1590, '2025-02-14', '16:20', '1 óra 29 perc', 'https://www.themoviedb.org/t/p/w600_and_h900_bestv2/d9S7368R9vJ1rJHFU5Y9e2PGfFz.jpg', 120, 1, '2025-02-14 09:08:28', '2025-04-08 13:12:30', NULL),
(60, 1, 'Hétvégi hajsza', 2024, 'John Lawlor, a pitbullos DEA-ügynök erősen kötődik a munkájához. Nincs olyan rosszfiú, akit ne tudna megállítani, és nincs olyan, amit ne áldozna fel egy ügy lezárásáért. ', NULL, 'https://szalkaimozi.hu/images/ages/3-circle.svg', 1590, '2025-02-16', '11:40', '1 óra 41 perc', 'https://www.themoviedb.org/t/p/w600_and_h900_bestv2/pFrAVuSJG2wsoDc5qItdDaZ6Lcn.jpg', 120, 1, '2025-02-14 09:09:51', '2025-04-08 13:12:30', NULL),
(61, 5, 'Agymanók 2', 2024, 'A Disney és a Pixar új filmjében visszatérünk Riley fejébe, aki immáron tinédzser! A Főhadiszállás egy napon komoly átalakításokon esik át, hogy helyet kaphasson benne valami egészen váratlan.', NULL, 'https://szalkaimozi.hu/images/ages/2-circle.svg', 1590, '2025-04-01', '14:50', '1 óra 40 perc', 'https://media.themoviedb.org/t/p/w300_and_h450_bestv2/AiHpMRMsxFTjWhrQoOujdyQxt5C.jpg', 120, 1, '2025-02-14 09:10:31', '2025-03-31 08:27:40', NULL),
(62, 5, 'Transformers Egy', 2024, 'Ez a régóta várt eredettörténet bemutatja, hogyan lettek a TRANSFORMERS univerzum legikonikusabb karakterei, Orion Pax és D-16 bajtársakból esküdt ellenségekké, azaz Optimusz Fővezérré és Megatronná.', NULL, 'https://szalkaimozi.hu/images/ages/2-circle.svg', 1590, '2025-03-31', '17:20', '1 óra 44 perc', 'https://media.themoviedb.org/t/p/w300_and_h450_bestv2/9LhZABAKVyyqQmuLw0UPTOmehAI.jpg', 120, 1, '2025-02-14 09:17:07', '2025-04-07 14:33:13', NULL),
(67, 1, 'Fekete Párduc 2', 2022, 'Ramonda királynő, Shuri, M\'Baku, Okoye és Dora Milaje azért küzdenek, hogy megvédjék nemzetüket a beavatkozó világhatalmaktól T\'Challa király halála nyomán.', NULL, 'https://szalkaimozi.hu/images/ages/3-circle.svg', 1590, '2025-02-16', '18:45', '2 óra 42 perc', 'https://www.themoviedb.org/t/p/w600_and_h900_bestv2/12EKY9DXT7BqjuhY1X9mjzlYk2t.jpg', 120, 1, '2025-02-14 09:19:04', '2025-04-08 13:12:30', NULL),
(69, 1, 'A védelmező 3', 2023, 'Egy megállíthatatlan, legyőzhetetlen, az erőszak minden formájában otthonosan mozgó profi: Robert McCall (Denzel Washington). Már régóta nem a kormánynak dolgozik.', NULL, 'https://szalkaimozi.hu/images/ages/5-circle.svg', 1590, '2025-02-16', '11:40', '1 óra 49 perc', 'https://www.themoviedb.org/t/p/w600_and_h900_bestv2/jGmcYoKnXN1F6tzde3wgyd83AQ5.jpg', 120, 1, '2025-02-14 09:20:58', '2025-04-08 13:12:30', NULL),
(71, 5, 'Kung Fu Panda 4', 2024, 'Po bátor Sárkányharcosként végigcsinált három halált megvető kalandot, és most a sors újabb feladat elé állítja: pihenjen már egy kicsit. Pontosabban hogy legyen a Békevölgy szellemi vezetője.', NULL, 'https://szalkaimozi.hu/images/ages/2-circle.svg', 1590, '2025-04-02', '15:50', '1 óra 34 perc', 'https://media.themoviedb.org/t/p/w300_and_h450_bestv2/nqXsAaQsKw2gKpkfhIgjXNDRqg7.jpg', 120, 1, '2025-02-14 09:28:57', '2025-03-31 08:21:33', NULL),
(72, 1, 'SDI titkos beavatkozási osztály', 2024, 'Mike, Stan és Chloé titkosügynökök, akiknek az a feladatuk, hogy visszaszerezzenek egy ellopott aktatáskát, felfedezik, hogy az egy titkos térképet rejt, amely rejtett második világháborús kincsekhez vezet.', NULL, 'https://szalkaimozi.hu/images/ages/4-circle.svg', 1590, '2025-02-16', '16:40', '2 óra', 'https://www.themoviedb.org/t/p/w600_and_h900_bestv2/owX06DajHa0TIqYt5z57x4nIGWw.jpg', 120, 1, '2025-02-14 09:31:18', '2025-04-08 13:12:30', NULL),
(73, 5, 'Garfield', 2024, 'Ő a világ leghíresebb macskája. És talán a legkövérebb is. Lusta, lassú, imádja a lasagnát és utálja a hétfőt. De Garfield, a narancssárga macska békés élete most fenekestől felfordul.', NULL, 'https://szalkaimozi.hu/images/ages/2-circle.svg', 1590, '2025-07-16', '19:50', '1 óra 40 perc', 'https://media.themoviedb.org/t/p/w300_and_h450_bestv2/kn9chzxl4i3IpfuO0GNifXGOxns.jpg', 120, 1, '2025-02-14 09:31:20', '2025-03-18 15:01:44', NULL),
(74, 5, 'Ellian és a mágikus kötelék', 2024, 'Egy erős varázslat óriási szörnyekké változtatja a szüleit, ezért egy kamasz hercegnő kénytelen útra indulni a vadonba, hogy még időben visszafordítsa az átkot.', NULL, 'https://szalkaimozi.hu/images/ages/2-circle.svg', 1590, '2025-06-29', '22:45', '1 óra 50 perc', 'https://media.themoviedb.org/t/p/w300_and_h450_bestv2/vMNdgsoLnz4NZjGaKCZRySZ90Wo.jpg', 120, 1, '2025-02-14 09:32:54', '2025-03-18 15:01:44', NULL),
(75, 1, 'Pushpa 2  A szabály', 2024, 'Csempészbirodalmának növekedésével a szemtelen Pushpa bosszúszomjas útja során hatalomra és tiszteletre vágyik, miközben régi és új riválisokkal néz szembe.', NULL, 'https://szalkaimozi.hu/images/ages/4-circle.svg', 1590, '2025-02-16', '20:45', '3 óra 44 perc', 'https://www.themoviedb.org/t/p/w600_and_h900_bestv2/gpNcQfQ4YGtFwEcrjcK9HxVM2KF.jpg', 120, 1, '2025-02-14 09:35:31', '2025-04-08 13:12:30', NULL),
(76, 5, 'Vaják Szirének a mélyből ', 2025, 'Miután a mélység rejtélyes lényei matrózokat támadnak meg, csak egyvalaki állíthatja meg a háborút a szárazföld és a tenger között: a Vaják, Ríviai Geralt.', NULL, 'https://szalkaimozi.hu/images/ages/2-circle.svg', 1590, '2025-05-28', '18:50', '1 óra 32 perc', 'https://media.themoviedb.org/t/p/w300_and_h450_bestv2/rub5LtioGlhMiAmSweRgKCg8olj.jpg', 120, 1, '2025-02-14 09:36:23', '2025-03-18 15:01:44', NULL),
(77, 1, 'A harcosok alkonya A végső ostrom', 2024, 'A film középpontjában a harcosok világa áll, melyet Louis Koo, Sammo Hung és Richie Jen hoznak életre a vásznon. A történet egy elszigetelt, falakkal körülvett városban játszódik, ahol a harcosok az életükért küzdenek. ', NULL, 'https://szalkaimozi.hu/images/ages/4-circle.svg', 1590, '2025-02-16', '22:40', '2 óra 5 perc', 'https://www.themoviedb.org/t/p/w600_and_h900_bestv2/lwQu9BzK0AV5w0TIlaR9ohDB1Ge.jpg', 120, 1, '2025-02-14 09:39:08', '2025-04-08 13:12:30', NULL),
(78, 5, 'Énekelj', 2024, 'Rövidfilm az Énekelj!-filmekből ismert szereplőkkel, melyben Buster Moon sztárokkal teli, látványos feldolgozást álmodik meg Michael Jackson Thriller című számához.', NULL, 'https://szalkaimozi.hu/images/ages/2-circle.svg', 1590, '2025-04-07', '18:50', '10 perc', 'https://media.themoviedb.org/t/p/w300_and_h450_bestv2/64wtveX95TiP35DIaXeMjEBHxGk.jpg', 120, 1, '2025-02-14 09:40:47', '2025-04-07 16:58:50', NULL),
(79, 1, 'Mentőszolgálat Bangkokban', 2024, 'A mentőszolgálat egy tagjának meg kell küzdenie az életéért, amikor Bangkok halálos bugyraiban az események kereszttüzébe kerül.', NULL, 'https://szalkaimozi.hu/images/ages/4-circle.svg', 1590, '2025-02-16', '14:25', '2 óra 27 perc', 'https://www.themoviedb.org/t/p/w600_and_h900_bestv2/6VeDn4oIeUK4XwjWGWMb6qvMImQ.jpg', 120, 1, '2025-02-14 09:42:48', '2025-04-08 13:12:30', NULL),
(80, 1, 'Wake Up', 2024, 'Fiatal aktivisták egy csoportja környezetvédelmi céllal indult útnak, hogy egy bezáró hazai szupermarket megrongálásával tegyen környezetvédelmi nyilatkozatot.', NULL, 'https://szalkaimozi.hu/images/ages/4-circle.svg', 1590, '2025-02-16', '15:40', '1 óra 20 perc', 'https://www.themoviedb.org/t/p/w600_and_h900_bestv2/erEAU7ygq2XFjziI3FpAdMajJFZ.jpg', 120, 1, '2025-02-14 09:46:06', '2025-04-08 13:12:30', NULL),
(81, 5, 'My Hero Academia Youre Next', 2024, 'Izuku Midoriya, az U. A. High School diákja, aki arra törekszik, hogy a lehető legjobb hős legyen, szembeszáll a gonosztevővel, aki az egykor általa csodált hőst utánozza.', NULL, 'https://szalkaimozi.hu/images/ages/2-circle.svg', 1590, '2025-05-03', '11:20', '1 óra 50 perc', 'https://media.themoviedb.org/t/p/w300_and_h450_bestv2/8rdB1wkheEMMqcY8qLAKjCMPcnZ.jpg', 120, 1, '2025-02-14 09:46:43', '2025-04-07 17:00:10', NULL),
(82, 5, 'A sárkányőrző', 2024, 'Az ősi Kínában a sárkányok az emberek barátai voltak, amíg le nem vadászták őket. Évekkel később egy elszigetelt erődben egy Ping nevű fiatal rabszolga valószínűtlen barátságot köt.\n\n', NULL, 'https://szalkaimozi.hu/images/ages/2-circle.svg', 1590, '2024-05-04', '12:45', '1 óra 39 perc', 'https://media.themoviedb.org/t/p/w300_and_h450_bestv2/fVtZonMo3VLiG8QgWnYEFKAbWn9.jpg', 120, 1, '2025-02-14 09:50:34', '2025-02-14 09:50:34', NULL),
(83, 5, 'BLUE LOCK THE MOVIE EPISODE NAGI', 2024, 'A 2018-as foci világbajnokságon a japán csapat csak a 16. helyezést érte el. A helyi futballszövetség alkalmaz egy titokzatos, kiismerhetetlen mestert, akinek egyetlen feladatot ad: egy mindenki elől elzárt helyen neveljen a csapat.', NULL, 'https://szalkaimozi.hu/images/ages/2-circle.svg', 1590, '2025-05-05', '14:35', '1 óra 31 perc', 'https://media.themoviedb.org/t/p/w300_and_h450_bestv2/jNCkgpuApzeypynNhDsSh6FT2L0.jpg', 120, 1, '2025-02-14 09:53:24', '2025-02-14 09:53:24', NULL),
(84, 1, 'Sikandar Ka Muqaddar', 2024, 'Egy megoldatlan gyémántrablás után egy keménykezű zsaru üldözése a fő gyanúsított után megszállottságba fordul, míg végül szembe nem néznek egymással - és az igazsággal.', NULL, 'https://szalkaimozi.hu/images/ages/3-circle.svg', 1590, '2025-02-16', '18:40', '2 óra 23 perc', 'https://www.themoviedb.org/t/p/w600_and_h900_bestv2/eWUh4rgxtgypgnOa6uGMnUt01ux.jpg', 120, 1, '2025-02-14 09:56:03', '2025-04-08 13:12:30', NULL),
(85, 5, 'Azon a karácsonyon', 2024, 'Wellingtontornya lakói felejthetetlen ünnepek elé néznek, amikor a történelem legnagyobb hóvihara miatt senkinek sem a tervek szerint alakul a karácsonya — még a Télapónak sem.', NULL, 'https://szalkaimozi.hu/images/ages/2-circle.svg', 1590, '2025-06-07', '11:20', '1 óra 35 perc', 'https://media.themoviedb.org/t/p/w300_and_h450_bestv2/l7arKuT5tyP18o6xBCVwOe2movY.jpg', 120, 1, '2025-02-14 09:57:31', '2025-03-18 15:01:44', NULL),
(86, 1, 'Két magányos farkas', 2024, 'Két rivális problémamegoldó keresztezi egymás útját, amikor mindkettejüket riasztják, hogy segítsenek eltussolni egy magas rangú New York-i tisztviselő ballépését.', NULL, 'https://szalkaimozi.hu/images/ages/4-circle.svg', 1590, '2025-02-16', '11:40', '1 óra 48 perc', 'https://www.themoviedb.org/t/p/w600_and_h900_bestv2/c1xOvUpzouWVS5ZEWenuul5dmfk.jpg', 120, 1, '2025-02-14 09:58:43', '2025-04-08 13:12:30', NULL),
(87, 1, 'Rebel Ridge', 2024, 'Egy egykori tengerészgyalogos szembeszáll a korrupcióval egy kisvárosban, amikor a helyi hatóságok igazságtalanul elkobozzák az unokatestvére óvadékára szánt pénzt.', NULL, 'https://szalkaimozi.hu/images/ages/4-circle.svg', 1590, '2025-04-12', '10:40', '2 óra 12 perc', 'https://www.themoviedb.org/t/p/w600_and_h900_bestv2/cZY8H0O2sdMCYntLgrEIssGPkcM.jpg', 120, 1, '2025-02-14 09:59:44', '2025-04-09 06:51:37', '[[\"szabad\",\"szabad\",\"szabad\",\"szabad\",\"szabad\",\"szabad\",\"szabad\",\"szabad\",\"szabad\",\"szabad\",\"szabad\",\"szabad\",\"szabad\",\"szabad\",\"szabad\"],[\"szabad\",\"szabad\",\"szabad\",\"szabad\",\"szabad\",\"szabad\",\"szabad\",\"szabad\",\"szabad\",\"szabad\",\"szabad\",\"szabad\",\"szabad\",\"szabad\",\"szabad\"],[\"szabad\",\"szabad\",\"szabad\",\"szabad\",\"szabad\",\"szabad\",\"szabad\",\"szabad\",\"szabad\",\"szabad\",\"szabad\",\"szabad\",\"szabad\",\"szabad\",\"szabad\"],[\"szabad\",\"szabad\",\"szabad\",\"szabad\",\"szabad\",\"szabad\",\"szabad\",\"szabad\",\"szabad\",\"szabad\",\"szabad\",\"szabad\",\"szabad\",\"szabad\",\"szabad\"],[\"szabad\",\"szabad\",\"szabad\",\"szabad\",\"szabad\",\"szabad\",\"szabad\",\"szabad\",\"szabad\",\"szabad\",\"szabad\",\"szabad\",\"szabad\",\"szabad\",\"szabad\"],[\"szabad\",\"szabad\",\"szabad\",\"szabad\",\"szabad\",\"szabad\",\"szabad\",\"szabad\",\"szabad\",\"szabad\",\"szabad\",\"szabad\",\"szabad\",\"szabad\",\"szabad\"],[\"szabad\",\"szabad\",\"szabad\",\"szabad\",\"szabad\",\"szabad\",\"szabad\",\"szabad\",\"szabad\",\"szabad\",\"szabad\",\"szabad\",\"szabad\",\"szabad\",\"szabad\"],[\"szabad\",\"szabad\",\"szabad\",\"szabad\",\"szabad\",\"szabad\",\"szabad\",\"szabad\",\"szabad\",\"szabad\",\"szabad\",\"szabad\",\"szabad\",\"szabad\",\"szabad\"]]'),
(88, 5, 'A rosszfiúk Rémes rablás', 2024, 'A csavaros eszű rosszfiúk nagy tétre menő halloweeni rablás során próbálnak megszerezni egy értékes amulettet egy kísértetjárta házból. Mi baj történhet?', NULL, 'https://szalkaimozi.hu/images/ages/2-circle.svg', 1590, '2025-06-08', '13:40', '22 perc', 'https://media.themoviedb.org/t/p/w300_and_h450_bestv2/pQ1XtUKTjQIQWNbtlBGHuUAu1jz.jpg', 120, 1, '2025-02-14 10:00:52', '2025-03-18 15:01:44', NULL),
(89, 1, 'Beépített partizabáló', 2025, 'Hogy bizonyítékokat szerezzen az ügyéhez, és felszámoljon egy bűnszervezetet, egy feszült beépített zsaru összeomlik egy érettségi kiránduláson egy bulizós tengerparton Brazíliában.', NULL, 'https://szalkaimozi.hu/images/ages/3-circle.svg', 1590, '2025-02-16', '10:45', '1 óra 26 perc', 'https://www.themoviedb.org/t/p/w600_and_h900_bestv2/dcoc4C57lCpAzBr2qojFjRCKO9E.jpg', 120, 1, '2025-02-14 10:02:16', '2025-04-08 13:12:30', NULL),
(90, 5, 'Look Back', 2024, 'Fujino osztálytársai rajonganak a negyedikes diáklány négykockás mangáiért, amelyek az iskolaújságban jelennek meg. De egy nap Fujinóval közli a tanára, hogy Kyomoto, egy iskolakerülő diáklány is szeretné.', NULL, 'https://szalkaimozi.hu/images/ages/2-circle.svg', 1590, '2025-06-09', '17:50', '58 perc', 'https://media.themoviedb.org/t/p/w300_and_h450_bestv2/4f2EcNkp1Mvp9wE5w7HKxcmACWg.jpg', 120, 1, '2025-02-14 10:03:23', '2025-03-18 15:01:44', NULL),
(91, 1, 'Szabadság', 2024, 'A filmet az 1980-as évek Franciaországának egyik leghírhedtebb békés rablója, Bruno Sulak igaz története ihlette. Számos rablást hajtott végre, majd a rendőri őrizetből többször vakmerően megszökve vonta magára a közfigyelmet...', NULL, 'https://szalkaimozi.hu/images/ages/4-circle.svg', 1590, '2025-02-16', '15:50', '1 óra 50 perc', 'https://www.themoviedb.org/t/p/w600_and_h900_bestv2/aMjS8kToqMEluwY9jw0riqYo09p.jpg', 120, 1, '2025-02-14 10:03:27', '2025-04-08 13:12:30', NULL),
(92, 1, 'A szerelem fáj', 2025, 'Bárhogy is igyekszel, a múltaddal nem szakíthatsz. 2025-ben Valentin-napon az Oscar-díjas rendező, Ke Huy Quan belecsap az első főszerepébe egy valószerűtlen hős alakjában: ő a látszólag simulékony ingatlanos.', NULL, 'https://szalkaimozi.hu/images/ages/4-circle.svg', 1590, '2025-02-16', '20:40', '1 óra 53 perc', 'https://www.themoviedb.org/t/p/w600_and_h900_bestv2/znIp6C8Cnr5RrTy6J65ygkWChin.jpg', 120, 1, '2025-02-14 10:04:43', '2025-04-08 13:12:30', NULL),
(93, 5, 'Kívánság', 2023, 'A Walt Disney Animation Studios fennállásának 100. évét ünnepli idén a KÍVÁNSÁG című vadonatúj animációs filmmel, amely felteszi a kérdést: Hogyan keletkezett a hullócsillag.', NULL, 'https://szalkaimozi.hu/images/ages/2-circle.svg', 1590, '2025-06-10', '15:50', '1 óra 35 perc', 'https://media.themoviedb.org/t/p/w300_and_h450_bestv2/3yvZDr3abzhkDZJF7hfrjXZalJo.jpg', 120, 1, '2025-02-14 10:05:36', '2025-02-14 10:05:36', NULL),
(94, 1, 'Madame Web', 2024, 'Így születik egy hősnő. Cassandra Webb a hétköznapok hőse. Mentőautót vezet New Yorkban: az életveszély és az életmentés számára mindennapos. Meg az, hogy folyton rohan, kapkod, az idővel harcol. Azután történik valami.', NULL, 'https://szalkaimozi.hu/images/ages/3-circle.svg', 1590, '2025-06-12', '14:40', '1 óra 56 perc', 'https://www.themoviedb.org/t/p/w600_and_h900_bestv2/wbN5572tgWpL8EEHMiio9ExCcN7.jpg', 120, 1, '2025-02-14 10:08:20', '2025-03-18 15:16:57', NULL),
(95, 1, 'Ghosted', 2023, 'Miután Cole és Sadie randiznak egymással, a lány nem válaszol az üzeneteire. Cole úgy dönt, hogy meglepetés gyanánt Londonba utazik, de ott meglepő felfedezést tesz: kiderül, hogy Sadie titkos ügynök. ', NULL, 'https://szalkaimozi.hu/images/ages/4-circle.svg', 1590, '2025-04-20', '10:40', '1 óra 57 perc', 'https://www.themoviedb.org/t/p/w600_and_h900_bestv2/9BijQY18fWdjTIDmz1i2w8NfsR8.jpg', 120, 1, '2025-02-14 10:09:10', '2025-03-18 15:16:57', NULL),
(96, 1, 'Harcban a rendszerrel', 2024, 'Miután egy küldetés balul sül el, egy csapat zsoldos közül csak egy marad életben, hogy bosszút álljon testvéreiért.', NULL, 'https://szalkaimozi.hu/images/ages/4-circle.svg', 1590, '2025-02-15', '10:40', '1 óra 34 perc', 'https://www.themoviedb.org/t/p/w600_and_h900_bestv2/keu6xxk497uSdZiyj0lBDJQ7Fg0.jpg', 120, 1, '2025-02-14 10:11:23', '2025-04-08 13:12:30', NULL),
(97, 1, 'A piszkos hadviselés minisztériuma', 2024, 'Az 1939-es események után, miután a brit haderő súlyos csapást szenvedett el a németektől, Winsthon Churchill felismerte, hogy a háború játékszabályai teljesen megváltoztak.', NULL, 'https://szalkaimozi.hu/images/ages/3-circle.svg', 1590, '2025-02-16', '12:40', '2 óra', 'https://www.themoviedb.org/t/p/w600_and_h900_bestv2/7v8JxmnoYPPH53UWnTDFsC7g5i7.jpg', 120, 1, '2025-02-14 10:12:23', '2025-04-08 13:12:30', NULL),
(98, 5, 'Megamind vs the Doom Syndicate', 2024, 'Megamind korábbi gonosztevő csapata, a Végzet Szindikátusa visszatért. Újdonsült kék hősünknek most a gonosz látszatát kell fenntartania, amíg össze nem tudja gyűjteni barátait.', NULL, 'https://szalkaimozi.hu/images/ages/2-circle.svg', 1590, '2025-06-11', '18:00', '1 óra 23 perc', 'https://media.themoviedb.org/t/p/w300_and_h450_bestv2/fko8CPrnspewLXgFUlUkivyvpHX.jpg', 120, 1, '2025-02-14 10:12:57', '2025-02-14 10:12:57', NULL),
(99, 1, '1992', 2024, '1992-ben Mercer kétségbeesetten próbálja újjáépíteni az életét és a fiával való kapcsolatát a Rodney King-ítéletet követő zavaros Los Angeles-i lázadás közepette. ', NULL, 'https://szalkaimozi.hu/images/ages/3-circle.svg', 1590, '2025-02-15', '10:40', '1 óra 36 perc', 'https://www.themoviedb.org/t/p/w600_and_h900_bestv2/tPvFmQZM5HMspryyYbrtW02NR0G.jpg', 120, 1, '2025-02-14 10:13:20', '2025-04-08 13:12:30', NULL),
(100, 5, 'Egy cica 10 élete', 2024, 'Egy elkényeztetett macska magától értetődőnek veszi gondtalan életét, amit Rose-nak köszönhet, a melegszívű és lelkiismeretes egyetemista lánynak. Amikor a jószág elveszíti kilencedik életét.', NULL, 'https://szalkaimozi.hu/images/ages/2-circle.svg', 1590, '2025-06-11', '18:50', '1 óra 27 perc', 'https://media.themoviedb.org/t/p/w300_and_h450_bestv2/zf7lsTefEKSaDgabIsstcnHILmR.jpg', 120, 1, '2025-02-14 10:14:54', '2025-02-14 10:14:54', NULL),
(101, 5, 'Egy majdnem karácsonyi történet', 2024, 'A kisbagoly találkozik egy elveszett kislánnyal New Yorkban. Megpróbálnak hazajutni karácsonyra.', NULL, 'https://szalkaimozi.hu/images/ages/2-circle.svg', 1590, '2025-06-12', '10:50', '24 perc', 'https://media.themoviedb.org/t/p/w300_and_h450_bestv2/uWReIUDdRoqWXoZD7NFkUp9YWcF.jpg', 120, 1, '2025-02-14 10:18:00', '2025-02-14 10:18:00', NULL),
(102, 5, 'A vad robot', 2024, 'A vad robot Rozzum 7134 (röviden „Roz”), egy jövőbeli robot krónikája, aki egy lakatlan szigeten vetődik partra. A túlélés és felfedezés meséje akkor kezdődik.', NULL, 'https://szalkaimozi.hu/images/ages/2-circle.svg', 1590, '2025-07-01', '17:00', '1 óra 42 perc', 'https://media.themoviedb.org/t/p/w300_and_h450_bestv2/cyMfPQubEfPlAniMfPhUAOisgec.jpg', 120, 1, '2025-02-15 12:26:19', '2025-02-15 12:26:19', NULL),
(103, 5, 'Ne Zha 2', 2025, 'A nyomorúság után, bár Ne Zha és Ao Bing lelkét megőrizték, fizikai testük hamarosan teljesen megsemmisül.', NULL, 'https://szalkaimozi.hu/images/ages/2-circle.svg', 1590, '2025-02-17', '20:40', '2 óra 24 perc', 'https://media.themoviedb.org/t/p/w300_and_h450_bestv2/293Mo4GWf7Tl0TfAr5NFghqeMy7.jpg', 120, 1, '2025-02-15 12:29:37', '2025-02-15 12:29:37', NULL),
(104, 5, 'Trollok Együtt a banda', 2023, 'Amikor Ágas testvérét zenei tehetsége miatt elrabolja pár gonosz popsztár, Ágas és Pipacs megrázó és érzelmes utazásra indul, hogy újra egyesítsék a többi testvért.', NULL, 'https://szalkaimozi.hu/images/ages/2-circle.svg', 1590, '2025-07-03', '14:10', '1 óra 31 perc', 'https://media.themoviedb.org/t/p/w300_and_h450_bestv2/nlkaf6rU1PgGwnjga0LX8VasG5K.jpg', 120, 1, '2025-02-15 12:32:25', '2025-02-15 12:32:25', NULL),
(105, 5, 'Ó jöjjetek hívek', 2024, 'Minden félresiklik, amikor a brit mentalista, Derren Brown Springfieldbe érkezik. A hipnotizált Homer Mikulásnak képzeli magát, és ezzel az egész városon végigsöprő, vidám felfordulást okoz.', NULL, 'https://szalkaimozi.hu/images/ages/2-circle.svg', 1590, '2025-07-04', '15:30', '45 perc', 'https://media.themoviedb.org/t/p/w300_and_h450_bestv2/fyHm1KxXFecJRCCKopbKm7yJnM.jpg', 120, 1, '2025-02-15 12:34:49', '2025-02-15 12:34:49', NULL),
(106, 5, 'Az erő legyen veled Anya', 2024, 'Marge Simpson anyák napi kirándulásra indul a Disney+ anyukái körében, melyből egy fantasztikus csillagközi kaland kerekedik hősökkel, főgonoszokkal és Stewie-val a Family Guyból.', NULL, 'https://szalkaimozi.hu/images/ages/2-circle.svg', 500, '2025-07-05', '12:00', '6 perc', 'https://media.themoviedb.org/t/p/w300_and_h450_bestv2/hBMlHvfgjT2qPNinII7l1rcPEe4.jpg', 120, 1, '2025-02-15 12:37:53', '2025-02-15 12:37:53', NULL),
(107, 5, 'HAIKYU The Dumpster Battle', 2024, 'Japán egyik legnépszerűbb animációs sorozatának, a Haikyu!!-nak a rajongói már nagyon várták a beígért filmadaptációt. Most végre Shoyo Hinata és Karasuno gimnáziumi röplabdacsapattársai.', NULL, 'https://szalkaimozi.hu/images/ages/2-circle.svg', 1590, '2025-07-06', '11:00', '1 óra 25 perc', 'https://media.themoviedb.org/t/p/w300_and_h450_bestv2/ntRU0OA4etGGiMMmH1Yw0bnaMdW.jpg', 120, 1, '2025-02-15 12:40:55', '2025-02-15 12:40:55', NULL),
(108, 5, 'Robotálmok', 2023, 'Egy szeretetreméltó kutya magányosan él New Yorkban a nyolcvanas években. Manhattan pulzáló hétköznapjait nincs kivel megosztania, ezért úgy dönt, hogy rendel magának egy robotot.', NULL, 'https://szalkaimozi.hu/images/ages/2-circle.svg', 1590, '2025-07-06', '18:50', '1 óra 42 perc', 'https://media.themoviedb.org/t/p/w300_and_h450_bestv2/qW6qO1w0ezqnmER3uHiqSc9RkLf.jpg', 120, 1, '2025-02-15 12:42:44', '2025-02-15 12:42:44', NULL),
(109, 5, 'Fakopáncs Frici a nyári táborban', 2024, 'Miután Fricit kirúgják az erdőből, azt hiszi, a Vú Hú táborban örökre otthonra talál – amíg egy felügyelő el nem kezd azzal fenyegetőzni, hogy bezáratja a tábort.', NULL, 'https://szalkaimozi.hu/images/ages/2-circle.svg', 1590, '2025-07-07', '17:30', '1 óra 40 perc', 'https://media.themoviedb.org/t/p/w300_and_h450_bestv2/aY3SAryxGOehAN7JgjzHEbhyqX6.jpg', 120, 1, '2025-02-15 12:44:30', '2025-02-15 12:44:30', NULL),
(110, 5, 'Smurfs', 2025, 'Amikor Törppapa titokzatos módon elragadják a gonosz varázslók, Razakel és Gargamel, Törpök egy küldetésre vezetik a Törpöket a való világba, hogy megmentsék őt. Új barátok segítségével', NULL, 'https://szalkaimozi.hu/images/ages/2-circle.svg', 1590, '2025-07-08', '15:00', '1 óra 25 perc', 'https://media.themoviedb.org/t/p/w300_and_h450_bestv2/zzQKBz7a8MBcCz87DJSa9IZhn04.jpg', 120, 1, '2025-02-15 12:46:23', '2025-02-15 12:46:23', NULL),
(111, 5, 'Thelma az unikornis', 2024, 'Thelma, az unikornis', NULL, 'https://szalkaimozi.hu/images/ages/2-circle.svg', 1590, '2025-07-09', '18:00', '1 óra 33 perc', 'https://media.themoviedb.org/t/p/w300_and_h450_bestv2/fSkx04QhMpYBuMAoFzOpmMEKKB1.jpg', 120, 1, '2025-02-15 12:48:21', '2025-02-15 12:48:21', NULL),
(112, 5, 'Piece by Piece', 2024, 'Egyedülálló filmes élmény, amely pezsgő utazásra hívja a közönséget a kulturális ikon Pharrell Williams életében. A LEGO® animáció lencséjén keresztül mesélve.', NULL, 'https://szalkaimozi.hu/images/ages/2-circle.svg', 1590, '2025-07-10', '17:50', '1 óra 34 perc', 'https://media.themoviedb.org/t/p/w300_and_h450_bestv2/fmOPcP8WRvm8cok4Hz3REwD7rlJ.jpg', 120, 1, '2025-02-15 12:50:45', '2025-02-15 12:50:45', NULL),
(113, 5, 'Mononoke A film Fantom az esőben', 2024, 'Az okkultizmus halálos és titokzatos mestere a feudális Japánba utazik, hogy megölje a Mononoke nevű rosszindulatú szellemeket. Fel kell fedeznie a formájukat.', NULL, 'https://szalkaimozi.hu/images/ages/2-circle.svg', 1590, '2025-07-11', '19:45', '1 óra 31 perc', 'https://media.themoviedb.org/t/p/w300_and_h450_bestv2/xE06xrZkIipJMPSgWoeelohxi9h.jpg', 120, 1, '2025-02-15 12:52:48', '2025-02-15 12:52:48', NULL),
(114, 5, 'Noé bárkája', 2024, 'Mint mindenki tudja, minden fajból csak egy hím és egy nőstény mehetett Noé bárkájára. De mi van akkor, ha két egér rájön erre a titkos eseményre, és egyikük sem hajlandó lemondani a helyéről?', NULL, 'https://szalkaimozi.hu/images/ages/2-circle.svg', 1590, '2025-07-12', '16:20', '1 óra 36 perc', 'https://media.themoviedb.org/t/p/w300_and_h450_bestv2/x6wH1kowr6uNFJ12CVKsRHzC0cm.jpg', 120, 1, '2025-02-15 12:55:28', '2025-02-15 12:55:28', NULL);
INSERT INTO `movies` (`id`, `category_id`, `filmnev`, `film_ev`, `filmleiras`, `film_szin`, `korhatar`, `jegyar`, `vetitesidatum`, `vetitesidopont`, `idotartam`, `filmkep`, `darabszam`, `foglalhato`, `created_at`, `updated_at`, `seats`) VALUES
(115, 5, 'Nimona', 2023, 'Egy tragikus bűnténnyel vádolt lovag összefog egy bohém, alakváltó tinivel, hogy bizonyítsa ártatlanságát. És ha a lány maga a szörny, akinek a megölésére felesküdött?', NULL, 'https://szalkaimozi.hu/images/ages/2-circle.svg', 1590, '2025-07-13', '17:00', '1 óra 39 perc', 'https://media.themoviedb.org/t/p/w300_and_h450_bestv2/fbaRJS2ozRPqDQmKmvRavZFo4Aa.jpg', 120, 1, '2025-02-15 12:57:43', '2025-02-15 12:57:43', NULL),
(116, 5, 'Ultraman Felemelkedés', 2024, 'Egy sikeres sportoló vonakodva hazatér, hogy átvegye apja feladatait Ultramanként, a szörnyektől és veszedelmektől Tokiót megóvó legendás hősként.', NULL, 'https://szalkaimozi.hu/images/ages/2-circle.svg', 1590, '2025-07-13', '13:40', '1 óra 56 perc', 'https://media.themoviedb.org/t/p/w300_and_h450_bestv2/qSsA3olRhwqbcO74EkMzv2zU72a.jpg', 120, 1, '2025-02-15 12:59:35', '2025-02-15 12:59:35', NULL),
(117, 5, 'Baba cápa nagy mozija', 2024, 'Baby Shark kénytelen maga mögött hagyni a szeretett világot, miután családja a nagyvárosba költözik, és alkalmazkodnia kell új életéhez legjobb barátja, William nélkül..', NULL, 'https://szalkaimozi.hu/images/ages/2-circle.svg', 1590, '2025-07-14', '18:50', '1 óra 23 perc', 'https://media.themoviedb.org/t/p/w300_and_h450_bestv2/pF9Y5H5x94Tuo6xAZBCrGG8Wvq5.jpg', 120, 1, '2025-02-15 13:01:13', '2025-02-15 13:01:13', NULL),
(118, 5, 'Őrzők I fejezet', 2024, '1985-ben egy kormány által támogatott szuperhős meggyilkolása kirángatja törvényen kívüli kollégáit a nyugdíjból, és egy rejtélybe sodorja, amely azzal fenyeget, hogy felforgatja magánéletüket és magát a világot.', NULL, 'https://szalkaimozi.hu/images/ages/2-circle.svg', 1590, '2025-07-15', '18:20', '1 óra 24 perc', 'https://media.themoviedb.org/t/p/w300_and_h450_bestv2/tE2vZ6HdlmKaBh0wpsvHCf7HJKo.jpg', 120, 1, '2025-02-15 13:04:05', '2025-02-15 13:04:05', NULL),
(119, 5, 'A sétány alatt', 2023, 'Két rák hatalmas utazásra indul, hogy hazaérjen, miután egy vihar elsodorta őket. Bátorságuk hamarosan egyesíti családjukat, előkészítve az utat az elkövetkező nagyszerű nyarak előtt.', NULL, 'https://szalkaimozi.hu/images/ages/2-circle.svg', 1590, '2025-07-15', '14:55', '1 óra 23 perc', 'https://media.themoviedb.org/t/p/w300_and_h450_bestv2/dYubl9T67KKgggQUawHs0xYMWEU.jpg', 120, 1, '2025-02-15 13:06:52', '2025-02-15 13:06:52', NULL),
(120, 5, 'Chip és Dale A Csipet Csapat', 2022, 'Újra visszatértek mindenki kis kedvenc nyomozói, a Csipet Csapat. Chip és Dale újra hatalmas kihívásokkal és kalandokkal néznek szembe. A Disney élőszereplős változatában John Mulaney és Andy Samberg kölcsönözték hangjukat hőseinknek.', NULL, 'https://szalkaimozi.hu/images/ages/2-circle.svg', 1590, '2025-07-16', '16:10', '1 óra 39 perc', 'https://www.themoviedb.org/t/p/w600_and_h900_bestv2/hJvvkrlq9zBCUME88EZed8D2mET.jpg', 120, 1, '2025-02-15 13:09:10', '2025-02-15 13:09:10', NULL),
(121, 5, 'South Park A kövérség véget ér', 2024, 'Új fogyókúrás gyógyszer okoz őrületet South Parkban. Cartman megtagadott hozzáférése cselekvésre készteti a gyerekeket.', NULL, 'https://szalkaimozi.hu/images/ages/2-circle.svg', 1590, '2025-04-04', '18:00', '51 perc', 'https://media.themoviedb.org/t/p/w300_and_h450_bestv2/qjG4GAsQ89NpYzVtZ06aClxu5aG.jpg', 120, 1, '2025-02-15 13:11:19', '2025-03-31 08:23:02', NULL),
(122, 5, 'Egy ropi naplója', 2021, 'Greg Heffley egy ambiciózus fiú, akinek gazdag a képzelőereje, és nagy tervei vannak arra vonatkozóan, hogy váljon gazdaggá és híressé. Viszont az első probléma, hogy túl kell élnie a középiskolát.', NULL, 'https://szalkaimozi.hu/images/ages/2-circle.svg', 1590, '2025-07-18', '19:45', '58 perc', 'https://media.themoviedb.org/t/p/w300_and_h450_bestv2/lAH43h864VJAgwSoXxvlGDMj7Dn.jpg', 120, 1, '2025-02-15 13:13:09', '2025-02-15 13:13:09', NULL),
(123, 5, 'Marcel a lábbelis csiga', 2022, 'A Marcel nevű puhatestűvel készített animációs rövidfilm nagyjátékfilmes adaptációja. Mikor szomszédaik hirtelen eltűnnek, Marcel, a kis csiga egyedül marad a nagymamájával.', NULL, 'https://szalkaimozi.hu/images/ages/2-circle.svg', 1590, '2025-07-19', '17:55', '1 óra 30perc', 'https://media.themoviedb.org/t/p/w300_and_h450_bestv2/tekb4pRvkPS7kPrW4EA4WRQiWKK.jpg', 120, 1, '2025-02-15 13:14:44', '2025-02-15 13:14:44', NULL),
(124, 5, 'A Casagrande család', 2024, 'A 12 éves Ronnie Anne egy mexikói születésnapi kiruccanáson véletlenül kiszabadítja a hegyekben rekedt félistent, és csak a családja segítségével tudja helyrehozni a dolgokat.', NULL, 'https://szalkaimozi.hu/images/ages/2-circle.svg', 1590, '2025-07-19', '17:35', '1 óra 21 perc', 'https://media.themoviedb.org/t/p/w300_and_h450_bestv2/neRf9GjDuIZjltuyCFaanImjiar.jpg', 120, 1, '2025-02-15 13:16:21', '2025-02-15 13:16:21', NULL),
(125, 5, 'A szavak kertje', 2013, 'Főszereplőnk, Takao Akizuki megkezdi felső gimnazista éveit. A kinézetre talán átlagosnak tűnő fiú nagy álmokat dédelget magában... mégpedig azt, hogy cipész lesz.', NULL, 'https://szalkaimozi.hu/images/ages/2-circle.svg', 1590, '2025-07-20', '11:20', '46 perc', 'https://media.themoviedb.org/t/p/w300_and_h450_bestv2/mXUCVq3HMtS4Y9IQ8vmEOPyN0vH.jpg', 120, 1, '2025-02-15 13:18:14', '2025-02-15 13:18:14', NULL),
(126, 5, 'A tigris tanítványa', 2024, 'Tom csak egy átlagos srác, aki akaratán kívül csöppen egy számára eddig ismeretlen világba, miután megtudja, hogy nagymamája egy főnixtojás őrzője.', NULL, 'https://szalkaimozi.hu/images/ages/2-circle.svg', 1590, '2025-07-21', '14:50', '1 óra 24 perc', 'https://media.themoviedb.org/t/p/w300_and_h450_bestv2/64ZktFMmTzsm47wdsaMOID0DzcY.jpg', 120, 1, '2025-02-15 13:19:34', '2025-02-15 13:19:34', NULL),
(127, 5, 'Elio', 2025, 'Évszázadokon át az emberiség válaszok után kutatott a világegyetem felé tekintve – a Disney és a Pixar új filmjében, az Elióban az univerzum most válaszol!', NULL, 'https://szalkaimozi.hu/images/ages/2-circle.svg', 1590, '2025-07-22', '18:40', '1 óra 44 perc', 'https://media.themoviedb.org/t/p/w300_and_h450_bestv2/sIyQU8uDZBjxtjd8lTqm7bt1Fjy.jpg', 120, 1, '2025-02-15 13:21:02', '2025-02-15 13:21:02', NULL),
(128, 5, 'Run Tiger Run', 2022, 'A film egy fiatal fiút követ nyomon, aki küldetésre indul, hogy megpróbálja felkutatni rég elveszett szüleit.', NULL, 'https://szalkaimozi.hu/images/ages/2-circle.svg', 1590, '2025-07-22', '14:40', '1 óra 30', 'https://media.themoviedb.org/t/p/w300_and_h450_bestv2/73PZdKGTj2PkIeBfRhTG5KJBY5X.jpg', 120, 1, '2025-02-15 13:22:46', '2025-02-15 13:22:46', NULL),
(129, 4, 'Farkasember', 2025, 'A Farkasember egy hátborzongató új film a Blumhouse-tól és Leigh Whannell író-rendezőtől, A láthatatlan ember alkotóitól. A Golden Globe-jelölt Christopher Abbott főszereplésével készült horror.', NULL, 'https://szalkaimozi.hu/images/ages/5-circle.svg', 1590, '2025-03-01', '20:30', '1 óra 43 perc', 'https://media.themoviedb.org/t/p/w300_and_h450_bestv2/jTPBMPTgk9zOUGSkWcoOGbX8cTi.jpg', 120, 1, '2025-02-16 09:57:44', '2025-04-07 16:51:19', NULL),
(130, 4, 'Nosferatu', 2024, 'Robert Eggers új Nosferatu-adaptációja a megszállottság tiszta története. A történet középpontjában egy elszánt fiatal nő és a szörnyű vámpír áll.', NULL, 'https://szalkaimozi.hu/images/ages/5-circle.svg', 1590, '2025-03-02', '20:00', '2 óra 13 perc', 'https://media.themoviedb.org/t/p/w300_and_h450_bestv2/5qGIxdEO841C0tdY8vOdLoRVrr0.jpg', 120, 1, '2025-02-16 09:59:42', '2025-04-07 17:53:15', NULL),
(131, 4, 'A szer', 2024, 'Álmodtál már arról, hogy legyen egy jobb verzió belőled? Te lennél, csak jobb. Minden tekintetben. Új, fiatalabb, jobb, szebb, egy tökéletesebb verziója önmagadnak.', NULL, 'https://szalkaimozi.hu/images/ages/5-circle.svg', 1590, '2025-03-03', '21:00', '2 óra 21 perc', 'https://media.themoviedb.org/t/p/w300_and_h450_bestv2/u4oGMtv8fxckLJ4ta5cQ60Im81z.jpg', 120, 1, '2025-02-16 10:01:30', '2025-03-24 19:42:31', NULL),
(132, 4, 'Halálsuttogó 2', 2024, 'Három évvel nővére halála után Yak bosszú reményében könyörtelenül keresi a sötét szellemet, amely megölte őt.', NULL, 'https://szalkaimozi.hu/images/ages/5-circle.svg', 1590, '2025-03-04', '19:30', '1 óra 52 perc', 'https://media.themoviedb.org/t/p/w300_and_h450_bestv2/uDW5eeFUYp1vaU2ymEdVBG6g7iq.jpg', 120, 1, '2025-02-16 10:03:48', '2025-03-24 19:42:31', NULL),
(133, 4, 'Kismalac', 2025, 'Kate 21. születésnapi táborozásán a barátai találkoznak Malaccal, egy szörnyű ember-disznó hibriddel, aki brutálisan meggyilkolja egyiküket. Felfedik Malac eredetét, és Kate-nek szembe kell néznie a múltjával, hogy túlélje a könyörtelen gyilkost.', NULL, 'https://szalkaimozi.hu/images/ages/5-circle.svg', 1590, '2025-03-05', '20:20', '1 óra 23 perc', 'https://media.themoviedb.org/t/p/w300_and_h450_bestv2/5wZNFUJAwyX6RCxdqrLO9lLWJ20.jpg', 120, 1, '2025-02-16 10:06:18', '2025-03-24 19:42:31', NULL),
(134, 4, 'A szurdok', 2025, 'Két tapasztalt ügynök egymásra talál, miután egy titokzatos szurdok két szélére helyezik őket. Amikor a gonosz feltör a mélyből, összefognak, hogy túléljék az ismeretlent.', NULL, 'https://szalkaimozi.hu/images/ages/5-circle.svg', 1590, '2025-03-06', '18:40', '2 óra 7 perc', 'https://media.themoviedb.org/t/p/w300_and_h450_bestv2/6xuPvqv8VAsXXACCwLjUgsIDe05.jpg', 120, 1, '2025-02-16 10:08:08', '2025-03-06 07:51:47', NULL),
(135, 4, 'Alien Romulus', 2024, 'A Weyland-Yutani cég egyik bányászplanétáján, ahol soha nem süt a nap, egy csapat fiatal bányász elhatározza, hogy ha törik, ha szakad meglépnek erről a kilátástalan, élhetetlen planétáról.', NULL, 'https://szalkaimozi.hu/images/ages/4-circle.svg', 1590, '2025-03-07', '18:00', '1 óra 59 perc', 'https://media.themoviedb.org/t/p/w300_and_h450_bestv2/b33nnKl1GSFbao4l3fZDDqsMx0F.jpg', 120, 1, '2025-02-16 10:10:17', '2025-03-24 19:42:31', NULL),
(136, 4, 'A vér folyója', 2024, 'Négy kajakos rossz folyót visz be egy dzsungelbe, ahol könyörtelen kannibálok törzse lakik.', NULL, 'https://szalkaimozi.hu/images/ages/4-circle.svg', 1590, '2025-03-08', '12:45', '1 óra 26 perc', 'https://media.themoviedb.org/t/p/w300_and_h450_bestv2/7lkm4eAvHy1uCs48GEwMxgwNdgd.jpg', 120, 1, '2025-02-16 10:13:28', '2025-03-24 19:42:31', NULL),
(137, 4, 'Bohócrém karácsonya', 2024, 'Art, a bohóc rászabadítja a káoszt Miles megye gyanútlan lakosaira, akik karácsony este békésen alszanak.', NULL, 'https://szalkaimozi.hu/images/ages/5-circle.svg', 1590, '2025-03-09', '19:45', '2 óra 5 perc', 'https://media.themoviedb.org/t/p/w300_and_h450_bestv2/joqK4J2f2Hk2JRLWpCFiMwc326h.jpg', 120, 1, '2025-02-16 10:15:10', '2025-03-24 19:42:31', NULL),
(138, 4, 'Mosolyogj 2', 2024, 'Miközben a popsztár Skye Riley (Naomi Scott) egy új világkörüli turnéra készül, ijesztő és megmagyarázhatatlan események gyötrik. A szörnyűségek fokozódnak.', NULL, 'https://szalkaimozi.hu/images/ages/5-circle.svg', 1590, '2025-04-03', '21:00', '2 óra 7 perc', 'https://media.themoviedb.org/t/p/w300_and_h450_bestv2/xbKGOKsRrn9ljJanDW27FXrvjzL.jpg', 120, 1, '2025-02-16 10:17:15', '2025-03-31 08:22:40', NULL),
(139, 4, 'Eretnek', 2024, 'Két fiatal hittérítőnek be kell bizonyítania a hitét, amikor egy nap rossz ajtón kopogtatnak. Az ördögi Mr. Reed (Hugh Grant) köszönti őket és csalja kelepcébe, rémséges és halálos macska-egér játékával.', NULL, 'https://szalkaimozi.hu/images/ages/4-circle.svg', 1590, '2025-03-11', '20:50', '1 óra 51 perc', 'https://media.themoviedb.org/t/p/w300_and_h450_bestv2/6R1T2QvgGp28PG157PSkQ8LHnxI.jpg', 120, 1, '2025-02-16 10:19:24', '2025-04-07 17:00:21', NULL),
(140, 4, 'Társ', 2025, 'Hé, unod már a swipe-olást? Eleged van abból, hogy folyton ghostolnak az emberek? Úgy érzed, mintha valami hiányozna belőled? A FindYourCompanion.com garantálja, hogy megtalálod azt a társat, aki neked lett teremtve!', NULL, 'https://szalkaimozi.hu/images/ages/5-circle.svg', 1590, '2025-03-12', '19:50', '1 óra 37 perc', 'https://media.themoviedb.org/t/p/w300_and_h450_bestv2/oCoTgC3UyWGfyQ9thE10ulWR7bn.jpg', 120, 1, '2025-02-16 10:21:06', '2025-03-15 14:10:53', NULL),
(141, 4, 'Amikor leszáll az éj', 2024, 'Senki nem tudja, honnan jöttek és miért vannak itt. Egy dolog biztos, sötétedés után érkeznek és mindent elpusztítanak, ami az útjukba kerül.', NULL, 'https://szalkaimozi.hu/images/ages/4-circle.svg', 1590, '2025-04-04', '20:10', '1 óra 32 perc', 'https://media.themoviedb.org/t/p/w300_and_h450_bestv2/4ZLe0Nn77tz0lSCmHjlbNOoYl8N.jpg', 120, 1, '2025-02-16 10:22:36', '2025-03-31 08:22:54', NULL),
(142, 4, 'Valami különös', 2024, 'Amikor Danit brutálisan meggyilkolják a távoli vidéki házban, amelyet férjével, Teddel felújítanak, mindenki a helyi elmegyógyintézet betegére gyanakszik, ahol Ted orvos.', NULL, 'https://szalkaimozi.hu/images/ages/4-circle.svg', 1590, '2025-03-13', '18:40', '1 óra 38 perc', 'https://media.themoviedb.org/t/p/w300_and_h450_bestv2/ucQAxlv17W3DQtxOgFJMpVvtHDO.jpg', 120, 1, '2025-02-16 10:24:09', '2025-03-24 19:42:31', NULL),
(143, 4, 'A holló', 2024, 'A Holló a kultikus Brandon Lee-féle fantasy remake-je. Főhőse a fiatalon elhunyt Eric, aki hollóként tér vissza a Földre, hogy bosszút álljon azokon, akik egy évvel korábban elvették az ő és szerelme életét.', NULL, 'https://szalkaimozi.hu/images/ages/4-circle.svg', 1590, '2025-04-04', '19:50', '1 óra 51 perc', 'https://media.themoviedb.org/t/p/w300_and_h450_bestv2/ApMpFMxsrDMpPZftNgrqgxqeNEt.jpg', 120, 1, '2025-02-16 10:25:49', '2025-03-31 08:22:57', NULL),
(144, 4, 'Hang nélkül Első nap', 2024, 'A történet egy olyan világban játszódik, amelyben kifinomult hallással rendelkező lények érkeztek a Földre. Csak azokat, akik a lehető legkevesebb zajt csapják.', NULL, 'https://szalkaimozi.hu/images/ages/4-circle.svg', 1590, '2025-03-16', '18:10', '1 óra 40 perc', 'https://media.themoviedb.org/t/p/w300_and_h450_bestv2/9bjwdvt1nTnbiobMw121wlb5yrW.jpg', 120, 1, '2025-02-16 10:27:30', '2025-03-24 19:42:31', NULL),
(145, 4, 'A platform 2', 2024, 'Miután egy titokzatos vezető ráhúzza saját törvényeit egy szintekre bontott kegyetlen börtön működésére, egy új érkező lázadást szít az ételelosztás módja ellen.', NULL, 'https://szalkaimozi.hu/images/ages/5-circle.svg', 1590, '2025-03-16', '18:50', '1 óra 41 perc', 'https://media.themoviedb.org/t/p/w300_and_h450_bestv2/vzHzcmDQIl1MN1RZOMnJxoLL08m.jpg', 120, 1, '2025-02-16 10:29:18', '2025-02-16 10:29:18', NULL),
(146, 4, 'Longlegs A rém', 2024, 'Lee Harkert (Maika Monroe), az ifjú és tehetséges FBI-ügynököt egy sorozatgyilkos (Nicolas Cage) megoldatlan ügyével bízzák meg. Ahogy a nyomozás egyre bonyolultabbá válik az okkult bizonyítékok sorával.', NULL, 'https://szalkaimozi.hu/images/ages/5-circle.svg', 1590, '2025-03-17', '17:50', '1 óra 41 perc', 'https://media.themoviedb.org/t/p/w300_and_h450_bestv2/gSy0vCKwp2Zar075K6idlpYo45N.jpg', 120, 1, '2025-02-16 10:30:56', '2025-03-20 07:30:47', NULL),
(147, 4, 'Menekülés a csendbe', 2024, 'Az időjárás hirtelen romlása miatt rendkívül rosszak a látási viszonyok egy repülőtérre vezető hídon. Hamarosan egy sor autó ütközik egymásnak tömegszerencsétlenséget előidézve.', NULL, 'https://szalkaimozi.hu/images/ages/4-circle.svg', 1590, '2025-07-18', '19:48', '1 óra 35 perc', 'https://media.themoviedb.org/t/p/w300_and_h450_bestv2/fttoFfKikQMwIoV3UVvlCvBhbUw.jpg', 120, 1, '2025-02-16 10:32:39', '2025-03-24 19:42:31', NULL),
(148, 4, 'A Majom', 2025, 'Amikor az ikertestvérek rátalálnak egy titokzatos, szélhámos majmra, felháborító halálesetek sorozata szakítja szét családjukat. Huszonöt évvel később a majom új gyilkosságba kezd, és arra kényszeríti az elidegenedett testvéreket.', NULL, 'https://szalkaimozi.hu/images/ages/4-circle.svg', 1590, '2025-07-19', '21:00', '1 óra 38 perc', 'https://media.themoviedb.org/t/p/w300_and_h450_bestv2/yYa8Onk9ow7ukcnfp2QWVvjWYel.jpg', 120, 1, '2025-02-16 10:40:34', '2025-02-16 10:40:34', NULL),
(149, 4, 'Az első ómen', 2024, 'Egy fiatal amerikai nőt Rómába küldenek, hogy az egyház szolgálatának szentelje életét. Ott azonban olyan sötétséggel találkozik, ami kétségeket ébreszt tulajdon hitében.', NULL, 'https://szalkaimozi.hu/images/ages/5-circle.svg', 1590, '2025-03-20', '20:25', '1 óra 59 perc', 'https://media.themoviedb.org/t/p/w300_and_h450_bestv2/muTAoEAjYxQW3jQbGsnGmEw1IqO.jpg', 120, 1, '2025-02-16 10:42:28', '2025-03-18 06:10:53', NULL),
(150, 4, 'Ne oldozz el', 2024, 'Alexandre Aja túlélőhorrorjában a főszerepet alakító Halle Berry két ikerfia számára próbál védelmet nyújtani az erdő közepén lévő házukban a legfontosabb.', NULL, 'https://szalkaimozi.hu/images/ages/5-circle.svg', 1590, '2025-03-21', '18:25', '1 óra 41 perc', 'https://media.themoviedb.org/t/p/w300_and_h450_bestv2/zZHnU5y2I6JbgRSDBT3HxnzYkFK.jpg', 120, 1, '2025-02-16 10:44:15', '2025-03-18 06:10:53', NULL),
(151, 4, 'A szívszemű', 2025, 'Amikor a Szívszemű gyilkos lecsap Seattle-re, egy pár munkatársat, akik Valentin-napon túlóráznak, a megfoghatatlan párvadász gyilkos egy párnak néz.', NULL, 'https://szalkaimozi.hu/images/ages/4-circle.svg', 1590, '2025-03-22', '20:00', '1 óra 39 perc', 'https://media.themoviedb.org/t/p/w300_and_h450_bestv2/4kLK3cl4MbrjVFDQXb9PT11ZaV4.jpg', 120, 1, '2025-02-16 10:45:58', '2025-03-18 06:10:53', NULL),
(152, 4, 'Mosolyogj', 2022, 'Miután szemtanúja volt egy bizarr, traumás incidensnek, amelyben egy páciens is érintett, Dr. Rose Cotter olyan ijesztő eseményeket tapaszta.', NULL, 'https://szalkaimozi.hu/images/ages/5-circle.svg', 1590, '2025-03-23', '19:20', '1 óra 56 perc', 'https://media.themoviedb.org/t/p/w300_and_h450_bestv2/TUQolXlCGwF5ZAeQbiBKX1r7Ae.jpg', 120, 1, '2025-02-16 10:47:32', '2025-03-24 19:42:31', NULL),
(153, 4, 'Szádra ne vedd', 2024, 'A film egy hétvégéről szól, amikor egy család vendégségbe megy egy idilli vidéki házba, ám az álomnyaralás hamarosan pszichológiai rémálomba fordul...', NULL, 'https://szalkaimozi.hu/images/ages/5-circle.svg', 1590, '2025-03-24', '21:00', '1 óra 50 perc', 'https://media.themoviedb.org/t/p/w300_and_h450_bestv2/wuah06kYax5xkOm0OR8nMzJqw24.jpg', 120, 1, '2025-02-16 10:49:17', '2025-03-28 07:31:20', NULL),
(154, 4, 'Meg ne mozdulj', 2024, 'Egy gyászoló nő egy elhagyatott erdőben találkozik egy gyilkossal, aki erős idegmérget ad be neki. A nő vad küzdelembe kezd az életéért, mielőtt a teste felmondaná a szolgálatot.', NULL, 'https://szalkaimozi.hu/images/ages/4-circle.svg', 1590, '2025-03-26', '20:50', '1 óra 32 perc', 'https://media.themoviedb.org/t/p/w300_and_h450_bestv2/a5c0dP7qVrLuHOIh3RpLgvKLtak.jpg', 120, 1, '2025-02-16 10:51:36', '2025-02-16 10:51:36', NULL),
(155, 4, 'Beszélj hozzám', 2023, 'Egy fiatal társaság hozzájut egy titokzatos bebalzsamozott kézhez, amely segítségével kapcsolatba lehet lépni a szellemekkel. Ha valaki megfogja a kezet és kimondja, „Beszélj hozzám!', NULL, 'https://szalkaimozi.hu/images/ages/5-circle.svg', 1590, '2025-03-27', '19:40', '1 óra 35 perc', 'https://media.themoviedb.org/t/p/w300_and_h450_bestv2/t7SXSS54Mn8eVB5yJZRjMPjIB4u.jpg', 120, 1, '2025-02-16 10:53:07', '2025-02-16 10:53:07', NULL),
(156, 4, 'Vészjelzés', 2024, 'Olyan ez, mint egy tündérmese. A csinos kis pincérnő (Naomie Ackie) véletlenül megismerkedik a híres és gazdag vállalkozóval (Channing Tatum)', NULL, 'https://szalkaimozi.hu/images/ages/4-circle.svg', 1590, '2025-03-28', '20:10', '1 óra 42 perc', 'https://media.themoviedb.org/t/p/w300_and_h450_bestv2/ah27pe4KID6oiamxdaxZk4JQmOe.jpg', 120, 1, '2025-02-16 10:54:41', '2025-03-24 19:42:31', NULL),
(157, 4, 'Bohócrém 2', 2022, 'Miután feltámadt halottaiból, Art bohóc egy kisvárost vesz célba, hogy egy fiatal lány életére törjön.', NULL, 'https://szalkaimozi.hu/images/ages/5-circle.svg', 1590, '2025-03-29', '19:50', '2 óra 18 perc', 'https://media.themoviedb.org/t/p/w300_and_h450_bestv2/wRKHUqYGrp3PO91mZVQ18xlwYzW.jpg', 120, 1, '2025-02-16 10:56:25', '2025-02-16 10:56:25', NULL),
(158, 4, 'Fekete telefon', 2022, 'A félénk, de okos 13 éves fiút egy szadista gyilkos elrabolja, és egy hangszigetelt pincébe zárja. Amikor egy lekapcsolt telefon a falon csörögni kezd, Finney rájön', NULL, 'https://szalkaimozi.hu/images/ages/4-circle.svg', 1590, '2025-03-30', '19:40', '1 óra 42 perc', 'https://media.themoviedb.org/t/p/w300_and_h450_bestv2/6RARiiQyxU0vQApdoUIUaLWD45U.jpg', 120, 1, '2025-02-16 10:58:07', '2025-03-24 19:42:31', NULL),
(159, 4, 'Sikoly', 2022, 'Huszonöt évvel azután, hogy Woodsboro csendes kisvárosát brutális gyilkosságsorozat rázta meg, egy új gyilkos ölti magára a maszkot, hogy egy csapat tinédzsert kiszemelve felszínre hozza.', NULL, 'https://szalkaimozi.hu/images/ages/5-circle.svg', 1590, '2025-04-01', '18:40', '1 óra 54 perc', 'https://media.themoviedb.org/t/p/w300_and_h450_bestv2/4CsSlG5h1Ju71dZSxkpDxGzkC6K.jpg', 120, 1, '2025-02-16 17:21:58', '2025-04-05 20:11:29', NULL),
(160, 4, 'Borzalmak városa', 2024, 'Egy író visszatér szülővárosába, Jerusalem\'s Lotba, ahol egy vérszomjas vámpír tartja rettegésben a lakókat és elhatározza, hogy megállítja a gonoszt.', NULL, 'https://szalkaimozi.hu/images/ages/4-circle.svg', 1590, '2025-05-02', '17:00', '1 óra 53 perc', 'https://media.themoviedb.org/t/p/w300_and_h450_bestv2/xoswNSd20DD54QTP01DHpbNG26P.jpg', 120, 1, '2025-02-16 17:23:21', '2025-04-09 18:44:22', NULL),
(161, 4, 'A rettegés hálójában', 2024, 'Egy hideg, viharos New York-i éjszakán egy titokzatos tárgy zuhan le az égből, és betöri egy lepukkant lakóház ablakát. A tárgy egy tojás, és ebből a tojásból egy különös kis pók bújik elő.', NULL, 'https://szalkaimozi.hu/images/ages/4-circle.svg', 1590, '2025-05-03', '19:55', '1 óra 39 perc', 'https://media.themoviedb.org/t/p/w300_and_h450_bestv2/rXl5Ae5rgSoUSNfvsQeirDHM9Mh.jpg', 120, 1, '2025-02-16 17:25:08', '2025-04-08 12:40:46', NULL),
(162, 4, 'Amitől félsz', 2024, 'Ez olyan, mintha megütötték volna a főnyereményt! Curtist (John Cho) az a szerencse éri, hogy egy családoknak segítő mesterséges szuperintelligencia kissé bolondos kifejlesztője neki ajánlja fel.', NULL, 'https://szalkaimozi.hu/images/ages/4-circle.svg', 1590, '2025-05-04', '19:40', '1 óra 24 perc', 'https://media.themoviedb.org/t/p/w300_and_h450_bestv2/lokCn3g5fNqOv9VexVWE6VGTUCf.jpg', 120, 1, '2025-02-16 17:27:28', '2025-04-08 13:00:22', NULL),
(163, 4, 'X', 2022, 'Egy félreeső texasi tanyára forgatócsoport érkezik, hogy egy felnőttfilmet készítsenek. Vendéglátóik, egy visszahúzódó idős házaspár, különös érdeklődést tanúsít fiatal vendégeik iránt.', NULL, 'https://szalkaimozi.hu/images/ages/4-circle.svg', 1590, '2025-05-05', '18:20', '1 óra 46 perc', 'https://media.themoviedb.org/t/p/w300_and_h450_bestv2/lopZSVtXzhFY603E9OqF7O1YKsh.jpg', 120, 1, '2025-02-16 17:28:56', '2025-04-08 13:03:50', NULL),
(164, 4, 'Egércsapda', 2024, 'Alex a 21. születésnapján a munkahelyén ragad egy játékteremben. Barátai ezért úgy döntenek, hogy meglepik és zárás után besurrannak a játékterembe. A meglepetésparti hamarosan rémálommá válik.', NULL, 'https://szalkaimozi.hu/images/ages/4-circle.svg', 1590, '2025-05-06', '18:50', '1 óra 20 perc', 'https://media.themoviedb.org/t/p/w300_and_h450_bestv2/oUoVrJiDAFPqItELrnrdShYbtBF.jpg', 120, 1, '2025-02-16 17:30:20', '2025-04-08 13:01:36', NULL),
(165, 4, 'Az emberállat projekt', 2022, 'Egy teherhajón veszélyes bűnözőket a Fülöp-szigetekről Dél-Koreába szállítanak, és akik baljós erőt szabadítanak el, miután egy szökési kísérlet lázadáshoz vezet.', NULL, 'https://szalkaimozi.hu/images/ages/5-circle.svg', 1590, '2025-05-07', '19:40', '2 óra 2 perc', 'https://media.themoviedb.org/t/p/w300_and_h450_bestv2/awEi1Vi4os5OfYBldNVFWgOV5mF.jpg', 120, 1, '2025-02-16 17:31:57', '2025-02-16 17:31:57', NULL),
(166, 4, 'Ördögűzés', 2024, 'Egy problémás múltú színész egy horrorfilm forgatása közben kezdi helyrehozni az életét. Mindeközben elidegenedett lánya azon tűnődik, hogy apja vajon visszacsúszik-e korábbi függőségeihez.', NULL, 'https://szalkaimozi.hu/images/ages/4-circle.svg', 1590, '2025-05-08', '18:10', '1 óra 36 perc', 'https://media.themoviedb.org/t/p/w300_and_h450_bestv2/bMULoVGRBy1lVCgCoXNRbUoX5Wq.jpg', 120, 1, '2025-02-16 17:33:20', '2025-03-24 19:42:31', NULL),
(167, 4, 'A menü', 2022, 'A fiatal pár, Margot és Tyler egy kis szigetre érkeznek, hogy egy exkluzív étteremben vacsorázzanak; a séf fényűző menüt állított össze, ami tartogat néhány váratlan meglepetést.', NULL, 'https://szalkaimozi.hu/images/ages/4-circle.svg', 1590, '2025-05-08', '20:30', '1 óra 47 perc', 'https://media.themoviedb.org/t/p/w300_and_h450_bestv2/jgoGMi7dQTZVPvgv2bCoSb1TLZp.jpg', 120, 1, '2025-02-16 17:34:42', '2025-02-16 17:34:42', NULL),
(169, 4, 'Idővágás', 2024, 'Egy kamasz 2024-ben véletlenül visszamegy 2003-ba, néhány nappal azelőttre, hogy egy álarcos megölte a nővérét. Sikerül úgy megváltoztatnia a múltat.', NULL, 'https://szalkaimozi.hu/images/ages/4-circle.svg', 1590, '2025-05-10', '20:15', '1 óra 38 perc', 'https://media.themoviedb.org/t/p/w300_and_h450_bestv2/goPWGoZv15dXV104TlLgwq2XfFv.jpg', 120, 1, '2025-02-16 17:38:04', '2025-03-24 19:42:31', NULL),
(170, 4, 'Fűrész 10', 2023, 'A kultikus horrorszéria tizedik része, amelyben a borzongás tovább folytatódik. A Fűrész legújabb felvonásában Tobin Bell is visszatér legendás szerepében.', NULL, 'https://szalkaimozi.hu/images/ages/5-circle.svg', 1590, '2025-05-11', '21:00', '1 óra 58 perc', 'https://media.themoviedb.org/t/p/w300_and_h450_bestv2/eZhQsRobDuaNhs0Srni9BMDonHG.jpg', 120, 1, '2025-02-16 17:40:01', '2025-02-16 17:40:01', NULL),
(171, 4, 'A figyelők', 2024, 'Te nem látod őket. Ők viszont mindent látnak. Mina (Dakota Fanning) valahol Írország nyugati részén eltéved egy hatalmas, alig feltérképezett erdőben. Az autója elromlik, nem tudja, hol van.', NULL, 'https://szalkaimozi.hu/images/ages/4-circle.svg', 1590, '2025-05-12', '21:20', '1 óra 42 perc', 'https://media.themoviedb.org/t/p/w300_and_h450_bestv2/mDIsVfldp9zCGR0c05pOgSAjY0r.jpg', 120, 1, '2025-02-16 17:41:32', '2025-02-16 17:41:32', NULL),
(172, 4, 'Valami a vízben', 2024, 'Öt barátnő küzd az életéért a nyílt vízen, miután egy álomesküvő rémálommá változik.', NULL, 'https://szalkaimozi.hu/images/ages/4-circle.svg', 1590, '2025-05-13', '20:15', '1 óra 26 perc', 'https://media.themoviedb.org/t/p/w300_and_h450_bestv2/90vRbs3Xi63Yu5HWMjShkjYVFRW.jpg', 120, 1, '2025-02-16 17:43:26', '2025-02-16 17:43:26', NULL),
(173, 4, 'Veszettek', 2024, 'A tizennyolc éves Romain mielőtt beleveti magát az esti buliba, felkeres egy drogdílert, hogy kipróbáljon egy újfajta tablettát. Az éjszaka folyamán felvesz egy sérült nőt.', NULL, 'https://szalkaimozi.hu/images/ages/4-circle.svg', 1590, '2025-05-14', '20:00', '1 óra 29 perc', 'https://media.themoviedb.org/t/p/w300_and_h450_bestv2/3xgcQHcYxGOrJNbwgXRGPPHCXVu.jpg', 120, 1, '2025-02-16 17:45:01', '2025-02-16 17:45:01', NULL),
(174, 4, 'A Demeter utolsó útja', 2023, 'A történet Bram Stoker klasszikus, 1897-es Drakula című regényének egyetlen fejezetén, a kapitány naplóján alapul, és az orosz Demeter nevű szkúneren játszódik, amelyet azért béreltek ki.', NULL, 'https://szalkaimozi.hu/images/ages/4-circle.svg', 1590, '2025-05-15', '18:45', '1 óra 59 perc', 'https://media.themoviedb.org/t/p/w300_and_h450_bestv2/nrtbv6Cew7qC7k9GsYSf5uSmuKh.jpg', 120, 1, '2025-02-16 17:46:42', '2025-04-09 18:42:53', '[[\"szabad\",\"szabad\",\"szabad\",\"szabad\",\"szabad\",\"szabad\",\"szabad\",\"szabad\",\"szabad\",\"szabad\",\"szabad\",\"szabad\",\"szabad\",\"szabad\",\"szabad\"],[\"szabad\",\"szabad\",\"szabad\",\"szabad\",\"szabad\",\"szabad\",\"szabad\",\"szabad\",\"szabad\",\"szabad\",\"szabad\",\"szabad\",\"szabad\",\"szabad\",\"szabad\"],[\"szabad\",\"szabad\",\"szabad\",\"szabad\",\"szabad\",\"szabad\",\"szabad\",\"szabad\",\"szabad\",\"szabad\",\"szabad\",\"szabad\",\"szabad\",\"szabad\",\"szabad\"],[\"szabad\",\"szabad\",\"szabad\",\"szabad\",\"szabad\",\"szabad\",\"szabad\",\"szabad\",\"szabad\",\"szabad\",\"szabad\",\"szabad\",\"szabad\",\"szabad\",\"szabad\"],[\"szabad\",\"szabad\",\"szabad\",\"szabad\",\"szabad\",\"szabad\",\"szabad\",\"szabad\",\"szabad\",\"szabad\",\"szabad\",\"szabad\",\"szabad\",\"szabad\",\"szabad\"],[\"szabad\",\"szabad\",\"szabad\",\"szabad\",\"szabad\",\"szabad\",\"szabad\",\"szabad\",\"szabad\",\"szabad\",\"szabad\",\"szabad\",\"szabad\",\"szabad\",\"szabad\"],[\"szabad\",\"szabad\",\"szabad\",\"szabad\",\"szabad\",\"szabad\",\"szabad\",\"szabad\",\"szabad\",\"szabad\",\"szabad\",\"szabad\",\"szabad\",\"szabad\",\"szabad\"],[\"szabad\",\"szabad\",\"szabad\",\"szabad\",\"szabad\",\"szabad\",\"szabad\",\"szabad\",\"szabad\",\"szabad\",\"szabad\",\"szabad\",\"szabad\",\"szabad\",\"szabad\"]]'),
(175, 4, 'Barbár', 2022, 'Egy fiatal nő állásinterjúra érkezik Detroitba, és bérelt lakást foglal. Ám amikor késő este megérkezik, rájön, hogy a ház duplán le van foglalva, és máris egy idegen férfi tartózkodik ott.', NULL, 'https://szalkaimozi.hu/images/ages/5-circle.svg', 1590, '2025-05-16', '18:20', '1 óra 43 perc', 'https://media.themoviedb.org/t/p/w300_and_h450_bestv2/fSUigiHtXtW0agiu6gfAvgWD0OO.jpg', 120, 1, '2025-02-16 17:48:23', '2025-02-16 17:48:23', NULL),
(176, 4, 'Vaksötét 2', 2021, 'A vak veterán évek óta bujkált egy elszigetelt házban, ahol befogadott és felnevelt egy fiatal lányt, aki egy pusztító háztűz miatt árván maradt. Csendes közös életük összeomlik.', NULL, 'https://szalkaimozi.hu/images/ages/5-circle.svg', 1590, '2025-05-17', '21:10', '1 óra 38 perc', 'https://media.themoviedb.org/t/p/w300_and_h450_bestv2/nS9QlRLLg85kcteFH7e8UM68wbr.jpg', 120, 1, '2025-02-16 17:50:03', '2025-02-16 17:50:03', NULL),
(177, 4, 'Képzeletbeli', 2024, 'Amikor Jessica a családjával visszaköltözik gyermekkori otthonába, legfiatalabb mostohalánya, Alice kísérteties kötődést alakít ki egy Chauncey nevű plüss medvével.', NULL, 'https://szalkaimozi.hu/images/ages/5-circle.svg', 1590, '2025-05-18', '17:50', '1 óra 44 perc', 'https://media.themoviedb.org/t/p/w300_and_h450_bestv2/oyxAtmNtpxLZjpFfQUlUOtGoK3R.jpg', 120, 1, '2025-02-16 17:52:07', '2025-04-09 18:42:48', '[[\"szabad\",\"szabad\",\"szabad\",\"szabad\",\"szabad\",\"szabad\",\"szabad\",\"szabad\",\"szabad\",\"szabad\",\"szabad\",\"szabad\",\"szabad\",\"szabad\",\"szabad\"],[\"szabad\",\"szabad\",\"szabad\",\"szabad\",\"szabad\",\"szabad\",\"szabad\",\"szabad\",\"szabad\",\"szabad\",\"szabad\",\"szabad\",\"szabad\",\"szabad\",\"szabad\"],[\"szabad\",\"szabad\",\"szabad\",\"szabad\",\"szabad\",\"szabad\",\"szabad\",\"szabad\",\"szabad\",\"szabad\",\"szabad\",\"szabad\",\"szabad\",\"szabad\",\"szabad\"],[\"szabad\",\"szabad\",\"szabad\",\"szabad\",\"szabad\",\"szabad\",\"szabad\",\"szabad\",\"szabad\",\"szabad\",\"szabad\",\"szabad\",\"szabad\",\"szabad\",\"szabad\"],[\"szabad\",\"szabad\",\"szabad\",\"szabad\",\"szabad\",\"szabad\",\"szabad\",\"szabad\",\"szabad\",\"szabad\",\"szabad\",\"szabad\",\"szabad\",\"szabad\",\"szabad\"],[\"szabad\",\"szabad\",\"szabad\",\"szabad\",\"szabad\",\"szabad\",\"szabad\",\"szabad\",\"szabad\",\"szabad\",\"szabad\",\"szabad\",\"szabad\",\"szabad\",\"szabad\"],[\"szabad\",\"szabad\",\"szabad\",\"szabad\",\"szabad\",\"szabad\",\"szabad\",\"szabad\",\"szabad\",\"szabad\",\"szabad\",\"szabad\",\"szabad\",\"szabad\",\"szabad\"],[\"szabad\",\"szabad\",\"szabad\",\"szabad\",\"szabad\",\"szabad\",\"szabad\",\"szabad\",\"szabad\",\"szabad\",\"szabad\",\"szabad\",\"szabad\",\"szabad\",\"szabad\"]]'),
(178, 4, 'Záróra', 2024, 'A Záróra egy poros, útszéli vendéglőben játszódik egyetlen éjszaka alatt, főszereplője pedig Nancy (Jessica Belkin), a fiatal pincérnő, aki egyedül dolgozik a késői műszakban', NULL, 'https://szalkaimozi.hu/images/ages/5-circle.svg', 1590, '2025-05-19', '21:00', '1 óra 21 perc', 'https://media.themoviedb.org/t/p/w300_and_h450_bestv2/v299WSC52Am5b1d0NWELJKdKL58.jpg', 120, 1, '2025-02-16 17:53:41', '2025-04-08 12:42:17', NULL),
(179, 4, 'Friss', 2022, 'Noa (Daisy Edgar-Jones) valahogy nem tudja megtalálni az igazit. A randiappok felszínes világa kiábrándítja, mígnem egy bevásárlás alkalmával találkozik.', NULL, 'https://szalkaimozi.hu/images/ages/4-circle.svg', 1590, '2025-05-20', '20:40', '1 óra 55 perc', 'https://media.themoviedb.org/t/p/w300_and_h450_bestv2/kINWMst2vyIBPToF5ZVZMTR72wn.jpg', 120, 1, '2025-02-16 17:55:15', '2025-04-08 12:42:03', NULL),
(180, 4, 'Hullaadás', 2023, 'Azt követően, hogy egy Black Friday-vásár tragédiába torkollik, egy rejtélyes, a Hálaadás szimbólumaként elhíresült figura álcája mögé bújó gyilkos kezdi terrorizálni.', NULL, 'https://szalkaimozi.hu/images/ages/5-circle.svg', 1590, '2025-05-21', '18:25', '1 óra 46 perc', 'https://media.themoviedb.org/t/p/w300_and_h450_bestv2/72G2KSg81g1RguzNpSzml1lOntk.jpg', 120, 1, '2025-02-16 17:56:42', '2025-02-16 17:56:42', NULL),
(181, 4, 'Jó fiú', 2022, 'Christian – egy milliomos örökös, egy társkereső alkalmazáson találkozik Sigriddel – egy fiatal diáklánnyal. Gyorsan egymásra találnak, de csak egy probléma van: Christian Frankkel él együtt.', NULL, 'https://szalkaimozi.hu/images/ages/4-circle.svg', 1590, '2025-05-22', '21:00', '1 óra 20 perc', 'https://media.themoviedb.org/t/p/w300_and_h450_bestv2/sjtlOHNyHpLTlNoWFtFICfO1zom.jpg', 120, 1, '2025-02-16 17:58:07', '2025-02-16 17:58:07', NULL),
(182, 4, 'A félelem fészke', 2023, 'A nyolcéves Petert folyamatos rémületben tartja a rejtélyes, állandó kopogás, amit a falak mögül hall szobájában. Szülei váltig állítják, az egész csak a képzelete műve.', NULL, 'https://szalkaimozi.hu/images/ages/5-circle.svg', 1590, '2025-05-23', '20:45', '1 óra 28 perc', 'https://media.themoviedb.org/t/p/w300_and_h450_bestv2/i5xcehpHyj4BXAAb3cl1nHGT46g.jpg', 120, 1, '2025-02-16 17:59:33', '2025-02-16 17:59:33', NULL),
(183, 4, 'A Halloween véget ér', 2022, 'Négy évvel a Gyilkos Halloween eseményei után Laurie most az unokájával, Allysonnal él, és épp befejezni készül a memoárját. Michael Myers mostanában nem volt a környéken.', NULL, 'https://szalkaimozi.hu/images/ages/5-circle.svg', 1590, '2025-05-24', '20:10', '1 óra 51 perc', 'https://media.themoviedb.org/t/p/w300_and_h450_bestv2/fyRw6rVnohZcnE7KYdyNRDrPgv3.jpg', 120, 1, '2025-02-16 18:01:20', '2025-02-16 18:01:20', NULL),
(184, 4, 'Éjszakai merülés', 2024, 'Ray Wallert egy degeneratív betegség korai visszavonulásra kényszeríti, és új házba költözik aggódó feleségével, Eve-vel, tinédzser lányával, Izzyvel és kisfiával, Elliottal.', NULL, 'https://szalkaimozi.hu/images/ages/4-circle.svg', 1590, '2025-05-25', '21:10', '1 óra 38 perc', 'https://media.themoviedb.org/t/p/w300_and_h450_bestv2/hHx7rUf4HhggnfvcNR8pSxqacFO.jpg', 120, 1, '2025-02-16 18:02:30', '2025-02-16 18:02:30', NULL),
(185, 4, 'Mély rettegés', 2023, 'Naomi egyedül indul útnak egy hajóval, hogy találkozzon barátjával, Jacksonnal Grenadán. Nyugodt, háromnapos hajókázása váratlanul sötét fordulatot vesz.', NULL, 'https://szalkaimozi.hu/images/ages/4-circle.svg', 1590, '2025-05-26', '20:00', '1 óra 24 perc', 'https://media.themoviedb.org/t/p/w300_and_h450_bestv2/89aT65UMBtdxbNVMS53VFmTzWrD.jpg', 120, 1, '2025-02-16 18:04:10', '2025-02-16 18:04:10', NULL),
(186, 4, 'Pókok', 2023, 'Egy fiatal srác szenvedélye az egzotikus állatok gyűjtése. Egy nap egy mérgező pókot talál egy piacon, amit hazavisz a lakásába. A pók rövid idő elteltével kiszabadul és rohamosan szaporodni kezd.', NULL, 'https://szalkaimozi.hu/images/ages/3-circle.svg', 1590, '2025-05-27', '20:15', '1 óra 46 perc', 'https://media.themoviedb.org/t/p/w300_and_h450_bestv2/9RIYmm4KMAGSwqKlqtHfUSkEyOr.jpg', 120, 1, '2025-02-16 18:05:34', '2025-02-16 18:05:34', NULL),
(187, 4, 'Gonosz csoda', 2021, 'Csoda történt, igazi csoda! Egy kisvárosban élő, siket lányt meglátogat Szűz Mária, és meggyógyítja az ártatlant. Mivel véletlenül egy cinikus, szakmája legszélére sodródott újságíró is éppen.', NULL, 'https://szalkaimozi.hu/images/ages/4-circle.svg', 1590, '2025-05-28', '19:50', '1 óra 39 perc', 'https://media.themoviedb.org/t/p/w300_and_h450_bestv2/jy7DD8t2lhnzYdYYuof7kxYgeUk.jpg', 120, 1, '2025-02-16 18:06:52', '2025-02-16 18:06:52', NULL),
(188, 4, 'Valaki figyel', 2022, 'Egy fiatal amerikai nő Bukarestbe költözik, majd gyanakodni kezd, hogy a szemközti házból egy idegen figyeli minden mozdulatát. Ráadásul úgy véli, hogy a helyi sorozatgyilkos lehet az.', NULL, 'https://szalkaimozi.hu/images/ages/4-circle.svg', 1590, '2025-05-29', '20:55', '1 óra 36 perc', 'https://media.themoviedb.org/t/p/w300_and_h450_bestv2/bfWkeCHfI7pxALQ1U5E0F12o5n7.jpg', 120, 1, '2025-02-16 18:08:24', '2025-02-16 18:08:24', NULL),
(189, 4, 'Éjjeli Vérfarkas', 2022, 'Egy sötét és komor éjszakán szörnyvadászok egy titkos csoportja előbújik az árnyak közül, hogy összegyűljenek a baljós hangulatú Vérkőtemplomnál vezetőjük halála után.', NULL, 'https://szalkaimozi.hu/images/ages/4-circle.svg', 1590, '2025-05-30', '18:20', '55 perc', 'https://media.themoviedb.org/t/p/w300_and_h450_bestv2/9kIzZoKYqMXREpyKiA7tR6tjVf.jpg', 120, 1, '2025-02-16 18:09:46', '2025-02-16 18:09:46', NULL),
(190, 6, 'Én vétkem  London', 2025, 'A 18 éves Noah Amerikából Londonba költözik anyjával, aki nemrég beleszeretett a gazdag brit üzletemberbe, Williambe. Noah megismerkedik William fiával, a rosszfiú Nickkel.', NULL, 'https://szalkaimozi.hu/images/ages/4-circle.svg', 1590, '2025-03-01', '14:20', '1 óra 59 perc', 'https://media.themoviedb.org/t/p/w300_and_h450_bestv2/dRa0hlzkkmP7CLRDrMTnBcQO5mz.jpg', 120, 1, '2025-02-20 10:12:40', '2025-02-20 10:12:40', NULL),
(191, 6, 'A szurdok', 2025, 'Két tapasztalt ügynök egymásra talál, miután egy titokzatos szurdok két szélére helyezik őket. Amikor a gonosz feltör a mélyből, összefognak, hogy túléljék az ismeretlent.', NULL, 'https://szalkaimozi.hu/images/ages/4-circle.svg', 1590, '2025-03-02', '14:30', '1 óra 59 perc', 'https://media.themoviedb.org/t/p/w300_and_h450_bestv2/7iMBZzVZtG0oBug4TfqDb9ZxAOa.jpg', 120, 1, '2025-02-20 10:15:10', '2025-02-20 10:15:10', NULL),
(192, 6, 'A te hibád', 2024, 'A világszerte sikeres Én vétkem folytatásában Noah és Nick szerelme megingathatatlannak tűnik, a szüleik hiába próbálják elválasztani őket egymástól. ', NULL, 'https://szalkaimozi.hu/images/ages/4-circle.svg', 1590, '2025-03-03', '14:00', '1 óra 58 perc', 'https://media.themoviedb.org/t/p/w300_and_h450_bestv2/3OZj4qv2aY9RtBSKj1ZaoiUpddS.jpg', 120, 1, '2025-02-20 10:17:11', '2025-03-16 12:55:33', NULL),
(193, 6, 'Majdnem terhes', 2024, 'Amikor Lainy letelepedős-családalapítós tervei széthullanak, felpróbál egy műpocakot, hazudni kezd – és véletlenül rátalál élete szerelmére.', NULL, 'https://szalkaimozi.hu/images/ages/4-circle.svg', 1590, '2025-03-04', '15:00', '1 óra 37 perc', 'https://media.themoviedb.org/t/p/w300_and_h450_bestv2/uabm2v38m8pROzcXQVU6mVzaIqE.jpg', 120, 1, '2025-02-20 10:18:50', '2025-03-06 09:27:45', NULL),
(194, 6, 'A legszebb lány a világon', 2025, 'Egy playboy szerepel egy társkereső műsorban, mert csak akkor juthat hozzá az örökségéhez, ha teljesíti az apja utolsó kívánságát: feleségül kell vennie a legszebb nőt a világon.', NULL, 'https://szalkaimozi.hu/images/ages/3-circle.svg', 1590, '2025-03-04', '15:00', '2 óra 2 perc', 'https://media.themoviedb.org/t/p/w300_and_h450_bestv2/iIfL2XV0tVZzRezrYok5YTQt51K.jpg', 120, 1, '2025-02-20 10:20:21', '2025-04-07 17:17:31', NULL),
(195, 6, 'Halál az esküvő előtt', 2025, 'Amikor Maja hazaviszi a vőlegényét, régimódi szüleinek le kell győzniük kulturális előítéleteiket, miközben próbálják megmenteni a tejüzemüket. A szerelem vajon mindent legyőz?', NULL, 'https://szalkaimozi.hu/images/ages/3-circle.svg', 1590, '2025-03-04', '15:00', '1 óra 46 perc', 'https://media.themoviedb.org/t/p/w300_and_h450_bestv2/lLyDAnVqglkDqTqdzdv0e7PUSXr.jpg', 120, 1, '2025-02-20 10:23:10', '2025-03-08 20:27:56', NULL),
(196, 6, 'Éljenek az ifjú házasok', 2025, 'Az esküvőjük éjjelén egy különc pár egy kaotikus üldözésbe csöppen, majd gazfickók és zsaruk elől menekülve őrült kutatásba kezdenek a rejtélyes „Charlie” után.', NULL, 'https://szalkaimozi.hu/images/ages/4-circle.svg', 1590, '2025-03-07', '18:40', '1 óra 49 perc', 'https://media.themoviedb.org/t/p/w300_and_h450_bestv2/2E7me3rPi8HqaeheuD86YlpNX6k.jpg', 120, 1, '2025-02-20 10:25:01', '2025-03-07 07:02:27', NULL),
(197, 6, 'Egyre közelebb', 2024, 'A 17 éves Akito életéből hátralévő egy év új értelmet nyer, amikor elhatározza, hogy boldoggá tesz egy halálos betegségben szenvedő lányt, akinek mindössze hat hónapja van hátra.', NULL, 'https://szalkaimozi.hu/images/ages/3-circle.svg', 1590, '2025-03-08', '17:20', '1 óra 59 perc', 'https://media.themoviedb.org/t/p/w300_and_h450_bestv2/kSnitPhsNWPjesGo05uohks4j1t.jpg', 120, 1, '2025-02-20 10:27:32', '2025-03-09 19:53:54', NULL),
(198, 6, 'A rólad alkotott kép', 2024, 'A 39 éves Soléne és a 24 éves Hayes a Coachella fesztiválon ismerkednek meg, ahol a srác fellépőként van jelen – történetesen épp Soléne tinilányának kedvenc fiúbandájában énekel.', NULL, 'https://szalkaimozi.hu/images/ages/3-circle.svg', 1590, '2025-03-09', '20:00', '1 óra 56 perc', 'https://media.themoviedb.org/t/p/w300_and_h450_bestv2/aGZpLw382EidILiErXwH7E7P9rP.jpg', 120, 1, '2025-02-20 10:30:41', '2025-02-20 10:30:41', NULL),
(199, 6, 'A kaszkadőr', 2024, 'Hősünk kaszkadőr, és mint mindenkit a kaszkadőrközösségben, őt is felrobbantják, lelövik, elütik, kidobják ablakokon és leejtik magas helyekről, a mi szórakoztatásunkra.', NULL, 'https://szalkaimozi.hu/images/ages/4-circle.svg', 1590, '2025-03-10', '19:20', '2 óra 7 perc', 'https://media.themoviedb.org/t/p/w300_and_h450_bestv2/vBPAyXEtnqiOnaUzBjgALh6lbxY.jpg', 120, 1, '2025-02-20 10:32:34', '2025-03-16 20:06:41', NULL),
(200, 6, 'A szerelem ideje', 2024, 'Minden néhány véletlenen múlik - maga az élet, a maga találkozásaival, szerelmeivel, örömeivel és bánataival. Almut (Florence Pugh) és Tobias (Andrew Garfield) útjai véletlenül keresztezik egymást - szó szerint.', NULL, 'https://szalkaimozi.hu/images/ages/3-circle.svg', 1590, '2025-03-11', '17:10', '1 óra 48 perc', 'https://media.themoviedb.org/t/p/w300_and_h450_bestv2/n3Ih6B0CK7AUgETduuvK980WZ57.jpg', 120, 1, '2025-02-20 10:34:56', '2025-04-07 17:00:15', NULL),
(201, 6, 'Szerelmi átverés', 2025, 'Egy eladósodott testvérpár kiterveli, hogy nápolyi otthonuk megmentése érdekében behúznak a csőbe egy gazdag örökösnőt – de egy váratlan szerelem keresztülhúzza a számításaikat.', NULL, 'https://szalkaimozi.hu/images/ages/4-circle.svg', 1590, '2025-03-12', '19:00', '1 óra 41 perc', 'https://media.themoviedb.org/t/p/w300_and_h450_bestv2/kWBjdB6tP71ed4WTFxuqDZnWVk5.jpg', 120, 1, '2025-02-20 10:39:08', '2025-04-07 17:00:17', NULL),
(202, 6, 'A csaj aki képben van', 2024, 'A feltörekvő művészeti gyakornok Ana meglepetésszerűen első osztályra kap jegyet a főnökétől, mikor utóbbi váratlan munkaügyben Londonba küldi őt.', NULL, 'https://szalkaimozi.hu/images/ages/4-circle.svg', 1590, '2025-03-13', '14:50', '1 óra 45 perc', 'https://media.themoviedb.org/t/p/w300_and_h450_bestv2/Ppr3YF8fTQHKoITCcYa4OYVvGW.jpg', 120, 1, '2025-02-20 10:42:18', '2025-03-10 09:33:55', NULL),
(203, 6, 'Barátnőt felveszünk', 2023, 'A gyermekkori otthona elvesztésének küszöbén Maddie egy érdekes álláshirdetést fedez fel: gazdag helikopteres szülők keresnek valakit, aki „randevúzna” introvertált 19 éves fiukkal.', NULL, 'https://szalkaimozi.hu/images/ages/4-circle.svg', 1590, '2025-05-01', '17:40', '1 óra 44 perc', 'https://media.themoviedb.org/t/p/w300_and_h450_bestv2/4qEWrhjZe0vaJNwdICH3CnSt60q.jpg', 120, 1, '2025-02-25 07:37:16', '2025-02-25 07:37:16', NULL),
(204, 6, 'A szerelem fáj', 2025, 'Bárhogy is igyekszel, a múltaddal nem szakíthatsz. 2025-ben Valentin-napon az Oscar-díjas rendező, Ke Huy Quan belecsap az első főszerepébe egy valószerűtlen hős alakjában.', NULL, 'https://szalkaimozi.hu/images/ages/3-circle.svg', 1590, '2025-05-02', '18:00', '1 óra 23 perc', 'https://media.themoviedb.org/t/p/w300_and_h450_bestv2/xyrjuQrFMEX3xrDbkgvqR6ZVcM8.jpg', 120, 1, '2025-02-25 07:38:44', '2025-02-25 07:38:44', NULL),
(205, 6, 'Családi affér', 2024, 'Mi lehet rosszabb annál, mint egy önelégült filmcsillag asszisztensének lenni, aki ráadásul nem vesz komolyan? Ha rájössz, hogy belezúgott az anyádba.', NULL, 'https://szalkaimozi.hu/images/ages/3-circle.svg', 1590, '2025-05-03', '19:20', '1 óra 54 perc', 'https://media.themoviedb.org/t/p/w300_and_h450_bestv2/eiWamPtazJgrCn3kcByZkZqUbrV.jpg', 120, 1, '2025-02-25 07:40:23', '2025-02-25 07:40:23', NULL),
(206, 6, 'Kivérző szerelem', 2024, 'A visszahúzódó edzőterem-vezető, Lou beleszeret Jackie-be, az ambiciózus testépítőbe, aki a városon keresztül Las Vegasba tart, hogy álmait megvalósítsa. Szerelmük azonban erőszakot szül.', NULL, 'https://szalkaimozi.hu/images/ages/5-circle.svg', 1590, '2025-05-04', '20:55', '1 óra 44 perc', 'https://media.themoviedb.org/t/p/w300_and_h450_bestv2/A56TnEkVLrRSJFrENDKMBOA9fuI.jpg', 120, 1, '2025-02-25 07:43:10', '2025-02-25 07:43:10', NULL),
(207, 6, 'Kihívók', 2024, 'Art és Patrick nagyon jól ismerik egymást. Évekkel korábban elválaszthatatlan cimborák voltak, egészen addig, míg Tashi nem került a képbe. Nemcsak a legjobb volt a pályán.', NULL, 'https://szalkaimozi.hu/images/ages/3-circle.svg', 1590, '2025-05-05', '19:30', '2 óra 12 perc', 'https://media.themoviedb.org/t/p/w300_and_h450_bestv2/zpqHscX6qHa30kLaJGwhBqs9Q44.jpg', 120, 1, '2025-02-25 07:44:59', '2025-02-25 07:44:59', NULL),
(208, 6, 'Gyönyörű sorscsapás', 2023, 'Az egyetemista Abby és Travis egymásba szeretnek, miután egy ideig barátok voltak. Travis nem hisz a kapcsolatokban, csak az egyéjszakás kalandokban. Amíg nem kerül a képbe Abby.', NULL, 'https://szalkaimozi.hu/images/ages/4-circle.svg', 1590, '2025-05-06', '20:00', '1 óra 36 perc', 'https://media.themoviedb.org/t/p/w300_and_h450_bestv2/86xGrfl4LphPv9s8A0fix67v1ot.jpg', 120, 1, '2025-02-25 07:47:21', '2025-02-25 07:47:21', NULL),
(209, 6, 'A tökéletes függőség', 2023, 'Egy sikeres bokszedző rájön, hogy barátja, a regnáló bajnok megcsalta őt a saját húgával. Elindul, hogy bosszút álljon, és edzze az egyetlen embert, aki képes lenne őt trónfosztani: ősellenségét, Kaydent.', NULL, 'https://szalkaimozi.hu/images/ages/3-circle.svg', 1590, '2025-05-07', '21:00', '1 óra 37 perc', 'https://media.themoviedb.org/t/p/w300_and_h450_bestv2/ApfkkPxzITPxyJ2FGvuMz6oVpwv.jpg', 120, 1, '2025-02-25 07:49:08', '2025-02-25 07:49:08', NULL),
(210, 6, 'Előző életek', 2023, 'Nora és Hae-sung gyerekkorukban a legjobb barátok voltak, de a kislány elköltözése szétválasztotta őket egymástól. Húsz évvel később online újra egymásra találnak.', NULL, 'https://szalkaimozi.hu/images/ages/3-circle.svg', 1590, '2025-05-07', '15:40', '1 óra 46 perc', 'https://media.themoviedb.org/t/p/w300_and_h450_bestv2/xJs55vGtp9SJ90PYpKomnjYEyrr.jpg', 120, 1, '2025-02-25 07:51:11', '2025-02-25 07:51:11', NULL),
(211, 6, 'Sebességmámor', 2024, 'Egy kihágás miatt elbocsátott katona az elhidegült apjához fordul segítségért, hogy elérhesse álmát a motoros SuperSport-világbajnokságon.', NULL, 'https://szalkaimozi.hu/images/ages/3-circle.svg', 1590, '2025-05-08', '18:15', '1 óra 47 perc', 'https://media.themoviedb.org/t/p/w300_and_h450_bestv2/2kbc7f3y9U57oryxrb1YaxkZ93E.jpg', 120, 1, '2025-02-25 07:53:03', '2025-02-25 07:53:03', NULL),
(212, 6, 'Szerepjáték', 2023, 'Emma és David szerepjátékkal dobják fel esküvői évfordulójuk éjszakáját New Yorkban. Az események azonban fordulatot vesznek, amikor Bob leleplezi Emma Dave előtt ismeretlen titkos életét.', NULL, 'https://szalkaimozi.hu/images/ages/3-circle.svg', 1590, '2025-05-08', '18:30', '1 óra 41 perc', 'https://media.themoviedb.org/t/p/w300_and_h450_bestv2/iYf5gxJE77GX0AXRpVjnEs5EKwz.jpg', 120, 1, '2025-02-25 08:00:03', '2025-02-25 08:00:03', NULL),
(213, 6, 'Vigyél a holdra', 2024, 'Mindenki a sikeres holdra szállás miatt izgul. A NASA tudja, hogy előbb kell amerikai űrhajósnak feljutnia, mint szovjetnek, mindent el is követ az ügy érdekében.', NULL, 'https://szalkaimozi.hu/images/ages/3-circle.svg', 1590, '2025-05-09', '21:00', '2 óra 22 perc', 'https://media.themoviedb.org/t/p/w300_and_h450_bestv2/ycSC8Tbr0iCGP1WEXLaVJMokoAt.jpg', 120, 1, '2025-02-25 08:01:57', '2025-02-25 08:01:57', NULL),
(214, 6, 'A szenvedély íze', 2023, 'A kivételes tehetségű szakácsnő, Eugenie és munkaadója, a nagy gourmet hírében álló Dodin Bouffant húsz éve alkotnak együtt a gyönyörű francia udvarház konyhájában.', NULL, 'https://szalkaimozi.hu/images/ages/3-circle.svg', 1590, '2025-05-10', '21:00', '2 óra 15 perc', 'https://media.themoviedb.org/t/p/w300_and_h450_bestv2/iIR7gBSvXwIcIWGEJFJdxuMR0cH.jpg', 120, 1, '2025-02-25 08:20:45', '2025-02-25 08:20:45', NULL),
(215, 6, 'Tűzpiros égbolt', 2023, 'A film két barát történetét követi nyomon, akik a Balti-tenger partján nyaralnak. Az egyikük képzőművész, a másikuk író, és mindketten azt remélik.', NULL, 'https://szalkaimozi.hu/images/ages/3-circle.svg', 1590, '2025-05-11', '17:50', '1 óra 43 perc', 'https://media.themoviedb.org/t/p/w300_and_h450_bestv2/45NASo41ctj7p7D5z4IJFB2DYIw.jpg', 120, 1, '2025-02-25 08:22:22', '2025-04-07 17:19:11', NULL),
(216, 6, 'A tea illata', 2024, 'A harmincas évei elején járó elefántcsontparti nő, Aya megbotránkoztatja környezetét, amikor az esküvőjén nemet mond a vőlegényének. Kínában kezd új életet, egy teaüzletben talál munkát.', NULL, 'https://szalkaimozi.hu/images/ages/3-circle.svg', 1590, '2025-05-11', '16:30', '1 óra 51 perc', 'https://media.themoviedb.org/t/p/w300_and_h450_bestv2/8mDXSagCHHMNFbX2NlTgNHowKft.jpg', 120, 1, '2025-02-25 08:24:01', '2025-02-25 08:24:01', NULL),
(217, 6, 'Rendben vagyok', 2024, 'Lucy és Jane életük nagy részében a legjobb barátnők voltak, és azt hiszik, mindent tudnak egymásról, amit csak tudni lehet. De amikor Jane bejelenti, hogy Londonba költözik.', NULL, 'https://szalkaimozi.hu/images/ages/3-circle.svg', 1590, '2025-05-12', '19:20', '1 óra 26 perc', 'https://media.themoviedb.org/t/p/w300_and_h450_bestv2/iVSnXofeXRvtFveUTsxoUFQcjeC.jpg', 120, 1, '2025-02-25 08:26:08', '2025-02-25 08:26:08', NULL),
(218, 6, 'Mind idegenek vagyunk', 2023, 'Londonban, a szinte üres toronyházában egy este Adam véletlenül találkozik titokzatos szomszédjával, Harryvel, ami felforgatja Adam életét. Ahogy Adam és Harry egyre közelebb kerül egymáshoz.', NULL, 'https://szalkaimozi.hu/images/ages/4-circle.svg', 1590, '2025-05-13', '19:40', '1 óra 45 perc', 'https://media.themoviedb.org/t/p/w300_and_h450_bestv2/ku1SS5er79pN90ePS4VgktcT67m.jpg', 120, 1, '2025-02-25 08:30:21', '2025-02-25 08:30:21', NULL);
INSERT INTO `movies` (`id`, `category_id`, `filmnev`, `film_ev`, `filmleiras`, `film_szin`, `korhatar`, `jegyar`, `vetitesidatum`, `vetitesidopont`, `idotartam`, `filmkep`, `darabszam`, `foglalhato`, `created_at`, `updated_at`, `seats`) VALUES
(219, 2, 'Amaran', 2024, 'Egy hősies igaz történet Mukund Varadarajan őrnagyról, az indiai hadsereg tisztjéről, aki rendkívüli bátorságot tanúsított egy terrorizmusellenes küldetés során a kasmíri Shopian körzetben. ', NULL, 'https://szalkaimozi.hu/images/ages/3-circle.svg', 1590, '2025-02-25', '10:45', '2 óra 49 perc', 'https://www.themoviedb.org/t/p/w600_and_h900_bestv2/nv5DrlFpIYIPYhwvP2wg8VjdPwl.jpg', 120, 1, '2025-02-25 08:31:20', '2025-04-07 17:12:20', NULL),
(220, 2, 'A brutalista', 2024, 'Amikor a látnok építész, Tóth László és felesége, Erzsébet 1947-ben elhagyják a háború utáni Európát, hogy újjáépítsék örökségüket és tanúi legyenek a modern Amerika születésének, életük örökre megváltozik egy titokzatos és gazdag ügyfélnek köszönhetően.', NULL, 'https://szalkaimozi.hu/images/ages/5-circle.svg', 1590, '2025-02-25', '22:45', '3 óra 35 perc', 'https://www.themoviedb.org/t/p/w600_and_h900_bestv2/gtrrJeDONGIm5cFaEoq7Jrxq9ua.jpg', 120, 1, '2025-02-25 08:32:17', '2025-04-07 17:12:20', NULL),
(221, 6, 'A mi kis titkunk', 2024, 'Két neheztelő exnek kínosan együtt kell töltenie a karácsonyt, miután megtudják, hogy új partnereik testvérek.', NULL, 'https://szalkaimozi.hu/images/ages/3-circle.svg', 1590, '2025-05-13', '15:50', '1 óra 41 perc', 'https://media.themoviedb.org/t/p/w300_and_h450_bestv2/ouIzIff0g8NGVGxek5Hbyk2hvQM.jpg', 120, 1, '2025-02-25 08:32:39', '2025-02-25 08:32:39', NULL),
(222, 2, 'Gladiátor II', 2024, 'Az ötszörös Oscar-díjas Gladiátor folytatása. A cselekmény néhány évvel később játszódik: Lucius, a császár húgának, Lucillának fia felnőtt. Semmi sem nyűgözte le jobban, mint Maximus hőstette.', NULL, 'https://szalkaimozi.hu/images/ages/3-circle.svg', 1590, '2025-02-25', '12:25', '2 óra 28 perc', 'https://www.themoviedb.org/t/p/w600_and_h900_bestv2/ldQtvtZMKPVYF8wpmZLz1TwBxNb.jpg', 120, 1, '2025-02-25 08:33:47', '2025-04-07 17:12:20', NULL),
(223, 6, 'A tolvaj nyomában', 2024, 'Amikor az Interpol egy ügynöke megtudja, hogy az általa üldözött műkincstolvaj a volt szeretője, tervet kovácsol a tetten érésére.', NULL, 'https://szalkaimozi.hu/images/ages/4-circle.svg', 1590, '2025-05-14', '20:00', '1 óra 39 perc', 'https://media.themoviedb.org/t/p/w300_and_h450_bestv2/frFGEV1xenDv1cUqZgG61GVjQRa.jpg', 120, 1, '2025-02-25 08:34:17', '2025-02-25 08:34:17', NULL),
(224, 6, 'A szerelem természete', 2023, 'Sophia, a negyvenéves filozófiaprofesszor már tíz éve megbízható párkapcsolatban él Xavierrel, akivel hasonlóan látják a világot. Mindennapjaik kiállításmegnyitókról.', NULL, 'https://szalkaimozi.hu/images/ages/4-circle.svg', 1590, '2025-05-15', '19:20', '1 óra 50 perc', 'https://media.themoviedb.org/t/p/w300_and_h450_bestv2/wkAfKVbL8CNnJybNClfcRa33avT.jpg', 120, 1, '2025-02-25 08:35:26', '2025-02-25 08:35:26', NULL),
(225, 6, 'Gyilkos hőség', 2024, 'Ebben a kortárs noir thrillerben egy külföldi magánnyomozót bíznak meg egy gyanús haláleset kivizsgálásával a görögországi Krétán, ahol az áldozat befolyásos családjában mélyen gyökerezik a féltékenység.', NULL, 'https://szalkaimozi.hu/images/ages/3-circle.svg', 1590, '2025-05-16', '19:00', '1 óra 37 perc', 'https://media.themoviedb.org/t/p/w300_and_h450_bestv2/xWKgbINtSxZpgweOIA0hN6cqjbS.jpg', 120, 1, '2025-02-25 08:36:42', '2025-02-25 08:36:42', NULL),
(226, 6, 'Az élet szokatlan ösvényei', 2023, 'Huszonöt év után Silva átlovagol a sivatagon, hogy meglátogassa barátját, Jake seriffet. Megünneplik a találkozást, de másnap reggel Jake közli vele, hogy utazásának oka nem az.', NULL, 'https://szalkaimozi.hu/images/ages/3-circle.svg', 1590, '2025-05-25', '17:40', '31 perc', 'https://media.themoviedb.org/t/p/w300_and_h450_bestv2/wEIeCYsB3xFGfjHS9FlwiF6AOUD.jpg', 120, 1, '2025-02-26 07:42:55', '2025-02-26 07:42:55', NULL),
(227, 6, 'A menyasszony anyja', 2024, 'Lana lánya, Emma visszatér Londonból, és bejelenti, hogy a jövő hónapban férjhez megy. A dolgok még bonyolultabbá válnak, amikor Lana megtudja, hogy a férfi, aki elrabolta Emma szívét.', NULL, 'https://szalkaimozi.hu/images/ages/3-circle.svg', 1590, '2025-05-26', '18:40', '1 óra 30 perc', 'https://media.themoviedb.org/t/p/w300_and_h450_bestv2/rDPJddm3G01R4hIoR5OGmuiZVfc.jpg', 120, 1, '2025-02-26 07:44:56', '2025-02-26 07:44:56', NULL),
(228, 6, 'Nyári tábor anyuval', 2024, 'A fia év végi táborozásának megmentése érdekében egy egyedülálló anya felcsap buszsofőrnek, miközben próbálja bebizonyítani a fiának, milyen menő tud lenni.', NULL, 'https://szalkaimozi.hu/images/ages/3-circle.svg', 1590, '2025-05-27', '18:40', '1 óra 35 perc', 'https://media.themoviedb.org/t/p/w300_and_h450_bestv2/dsLTwYtpi7CtkA8ONH3CuYnjAXj.jpg', 120, 1, '2025-02-26 07:46:08', '2025-02-26 07:46:08', NULL),
(229, 6, 'Gyönyörű esküvő', 2024, 'Abby és Travis egy őrült vegasi éjszaka után másnaposan és zavarodottan ébred, ráadásul nagy meglepetésükre: házasan! Így hát éppen azt teszik.', NULL, 'https://szalkaimozi.hu/images/ages/3-circle.svg', 1590, '2025-04-06', '20:00', '1 óra 34 perc', 'https://media.themoviedb.org/t/p/w300_and_h450_bestv2/1XZHGLMV87cLnIT1cCSxF4PcdPM.jpg', 120, 1, '2025-02-26 07:47:24', '2025-03-31 08:23:56', NULL),
(230, 6, 'Teknősök végtelen sora', 2024, 'A Turtles All the Way Down a szorongással foglalkozik a tizenhét éves Aza Holmeson (Isabela Merced) történetét bemutatva. Nem könnyű Azának lenni, de próbálkozik...', NULL, 'https://szalkaimozi.hu/images/ages/3-circle.svg', 1590, '2025-05-29', '21:00', '1 óra 49 perc', 'https://media.themoviedb.org/t/p/w300_and_h450_bestv2/rOfwLldZwuTvavJgXfq38KKwU1l.jpg', 120, 1, '2025-02-26 07:48:50', '2025-02-26 07:48:50', NULL),
(231, 6, 'Magányos szívek menedéke', 2024, 'A nemrég szinglivé vált regényíró elvonul egy idilli marokkói íróparadicsomba, ahol váratlanul beleszeret egy nála fiatalabb férfiba, aki éppen átértékeli az életét.', NULL, 'https://szalkaimozi.hu/images/ages/4-circle.svg', 1590, '2025-05-30', '17:30', '1 óra 36 perc', 'https://media.themoviedb.org/t/p/w300_and_h450_bestv2/sH7Orig1yqa6ojMLIzLDxA2GRkH.jpg', 120, 1, '2025-02-26 07:50:27', '2025-02-26 07:50:27', NULL),
(232, 6, 'Az ír kívánság', 2024, 'Álmai pasija arra készül, hogy feleségül vegye Maddie legjobb barátnőjét, ám amikor Maddie egy ősi ír kőnél kimondja szerelmi kívánságát, a sorsa varázsütésre megváltozik.', NULL, 'https://szalkaimozi.hu/images/ages/3-circle.svg', 1590, '2025-06-01', '19:20', '1 óra 34 perc', 'https://media.themoviedb.org/t/p/w300_and_h450_bestv2/lt1JxvyCALMKKPyWdyQ1KPFilUb.jpg', 120, 1, '2025-02-26 07:51:48', '2025-02-26 07:51:48', NULL),
(233, 6, 'Csontok meg minden', 2022, 'Az első szerelem története: Maren, egy fiatal lány, aki a társadalom peremén küzd a túlélésért, és Lee, egy intenzív és jogfosztott csavargó, találkoznak egymásaal.', NULL, 'https://szalkaimozi.hu/images/ages/3-circle.svg', 1590, '2025-06-02', '19:40', '2 óra 10 perc', 'https://media.themoviedb.org/t/p/w300_and_h450_bestv2/kI1TQJu0QEQeOTv6EiRonLdqVUM.jpg', 120, 1, '2025-02-26 07:53:10', '2025-04-07 19:01:15', NULL),
(234, 6, 'Az elbűvölő hóember', 2024, 'Egy fiatal özvegy mágikus sálja életre kelt egy daliás hóembert. Vajon sikerül újra átéletnie a nővel a romantikát, a nevetést és az ünnepi vidámságot, mielőtt elolvad?', NULL, 'https://szalkaimozi.hu/images/ages/3-circle.svg', 1590, '2025-04-06', '19:00', '1 óra 30 perc', 'https://media.themoviedb.org/t/p/w300_and_h450_bestv2/2gJDTl9OcI23A9FhYDcwYpStLk0.jpg', 120, 1, '2025-02-26 07:54:32', '2025-03-31 08:23:59', NULL),
(235, 6, 'Kóbor kutya', 2023, 'Dog és Mirales gyerekkori barátok. Egy dél-franciaországi kis faluban élnek, és napjaik nagy részét az utcán lógással töltik. Hogy elüsse az időt, Mirales a kelleténél többet piszkálja Dogot.', NULL, 'https://szalkaimozi.hu/images/ages/3-circle.svg', 1590, '2025-06-04', '16:50', '1 óra 33 perc', 'https://media.themoviedb.org/t/p/w300_and_h450_bestv2/gxXAW8rqZQLNDcyzZD0vp3Wmgc8.jpg', 120, 1, '2025-02-26 07:55:51', '2025-04-07 19:01:20', NULL),
(236, 6, 'Jövő karácsonykor', 2024, 'Layla minden követ megmozgat New Yorkban, hogy jegyet szerezzen a Pentatonix teltházas karácsonyi koncertjére, hogy viszontláthassa álmai férfiját.', NULL, 'https://szalkaimozi.hu/images/ages/3-circle.svg', 1590, '2025-06-04', '18:50', '1 óra 45 perc', 'https://media.themoviedb.org/t/p/w300_and_h450_bestv2/gNUrM9Q6iyFileXm6Eszc0yeiRq.jpg', 120, 1, '2025-02-26 07:58:34', '2025-02-26 08:36:35', NULL),
(237, 6, 'Játékest', 2024, 'Egy fiatalember először találkozik új barátnője barátaival a rendszeres játékestjükön, ami miatt izgul, mert jó benyomást szeretne kelteni. Ám ekkor hirtelen felbukkan a lány exe is.', NULL, 'https://szalkaimozi.hu/images/ages/3-circle.svg', 1590, '2025-06-05', '19:20', '1 óra 32 perc', 'https://media.themoviedb.org/t/p/w300_and_h450_bestv2/d0UeupV6kpfDhb5Gx2RclQdxa3W.jpg', 120, 1, '2025-02-26 07:59:57', '2025-02-26 07:59:57', NULL),
(238, 6, 'Uraim színpadra', 2024, 'Hogy megmentse szülei kisvárosi fellépőhelyét, egy volt nagyvárosi táncosnő elhatározza, hogy egy kizárólag férfiakból álló, karácsonyi témájú revüt rendez.', NULL, 'https://szalkaimozi.hu/images/ages/3-circle.svg', 1590, '2025-06-06', '18:10', '1 óra 28 perc', 'https://media.themoviedb.org/t/p/w300_and_h450_bestv2/bDlGi2pY6mMxLsuiQqJuaSw4zlB.jpg', 120, 1, '2025-02-26 08:02:00', '2025-02-26 08:02:00', NULL),
(239, 6, 'Kapj el ha zuhanok', 2024, 'Visszatérő albumának kudarca után egy rocksztár visszavonul Ciprus szikláin álló otthonába, ám új életét látogatók egész sora – és egy régi szerelem nehezíti.', NULL, 'https://szalkaimozi.hu/images/ages/4-circle.svg', 1590, '2025-06-10', '17:00', '1 óra 34 perc', 'https://media.themoviedb.org/t/p/w300_and_h450_bestv2/pMWpIPJgL4lYNKxSVMRDFWITeMW.jpg', 120, 1, '2025-02-26 08:21:32', '2025-03-24 19:42:31', NULL),
(240, 6, 'Űrkadét', 2024, 'Rexről, a floridai partiarcról kiderül, hogy ő az egyetlen reménysége a NASA űrprogramjának, miután egy véletlen folytán olyan jelöltek közé kerül, akiknek talán jobb az önéletrajza.', NULL, 'https://szalkaimozi.hu/images/ages/3-circle.svg', 1590, '2025-06-11', '19:10', '1 óra 50 perc', 'https://media.themoviedb.org/t/p/w300_and_h450_bestv2/ukRn5Wr5ipvnEnmB9ydOJxYL7Cc.jpg', 120, 1, '2025-02-26 08:23:09', '2025-02-26 08:23:09', NULL),
(241, 6, 'Két szív', 2020, 'Egy pár számára a jövő különböző évtizedekben és különböző helyeken bontakozik ki, de egy rejtett kapcsolat olyan módon hozza össze őket, amit senki sem láthatott előre.', NULL, 'https://szalkaimozi.hu/images/ages/3-circle.svg', 1590, '2025-06-12', '18:05', '1 óra 41 perc', 'https://media.themoviedb.org/t/p/w300_and_h450_bestv2/dc1UyMmWZLBd8rBJOZL1uJjrOnv.jpg', 120, 1, '2025-02-26 08:24:33', '2025-02-26 08:24:33', NULL),
(242, 6, 'Boldogság', 2021, 'Greg egy életunt irodista, aki feleségével külön él, lányával pedig épphogy tudja tartani a kapcsolatot. Az állását elveszíti, majd pedig egy szerencsétlen véletlen folytán bűnügybe is keveredik.', NULL, 'https://szalkaimozi.hu/images/ages/3-circle.svg', 1590, '2025-06-13', '17:30', '1 óra 43 perc', 'https://media.themoviedb.org/t/p/w300_and_h450_bestv2/tqkGiYXQI4yc4ihlmLStzgYvmVy.jpg', 120, 1, '2025-02-26 08:25:57', '2025-02-26 08:25:57', NULL),
(243, 6, 'Kutyarománc', 2023, 'Egy katasztrofális első randi után Nicole és Max megfogadják, hogy inkább elfelejtik egymás telefonszámát. Viszont a sors furcsa fintora, hogy a viccesen össze nem illő Nicole és Max.', NULL, 'https://szalkaimozi.hu/images/ages/5-circle.svg', 1590, '2025-06-14', '18:50', '1 óra 46 perc', 'https://media.themoviedb.org/t/p/w300_and_h450_bestv2/dIltFdOz1KTictkbPUc6rX4OO5R.jpg', 120, 1, '2025-02-26 08:27:14', '2025-02-26 08:27:14', NULL),
(244, 6, 'Eljött hozzám', 2023, 'Egy alkotói válságban szenvedő zeneszerző ihletet nyer egy furcsa nővel való véletlen találkozásból. Tinik bizonyítani akarják a szüleiknek, hogy a fiatalkori szerelem tarthat örökké.', NULL, 'https://szalkaimozi.hu/images/ages/3-circle.svg', 1590, '2025-06-15', '20:00', '1 óra 42 perc', 'https://media.themoviedb.org/t/p/w300_and_h450_bestv2/4U28i5wuGY5Dwgxj9swzq8ExiIw.jpg', 120, 1, '2025-02-26 08:28:31', '2025-02-26 08:28:31', NULL),
(245, 6, 'Nem kispályás', 2024, 'A New York-i sportújságíró, Mack, aki éveket töltött azzal, hogy a legjobb barátjával, Adammel és a csapattal sikeres \"játékokat\" találjon ki, hogy lányokat szedjenek fel.', NULL, 'https://szalkaimozi.hu/images/ages/4-circle.svg', 1590, '2025-06-16', '21:00', '1 óra 45 perc', 'https://media.themoviedb.org/t/p/w300_and_h450_bestv2/7Zt05dVG1pWIS9IQ2CBo1ac0seO.jpg', 120, 1, '2025-02-26 08:29:58', '2025-02-26 08:29:58', NULL),
(246, 6, 'Családban marad', 2022, 'Az életvidám, ötvenes éveiben járó Sylvie drámatanárnőként dolgozik a börtönben, ahol megismerkedik élete szerelmével, Michellel, akit egy rablásban való részvétel miatt zártak be.', NULL, 'https://szalkaimozi.hu/images/ages/5-circle.svg', 1590, '2025-06-17', '19:15', '1 óra 39 perc', 'https://media.themoviedb.org/t/p/w300_and_h450_bestv2/pcHBcStKYihBHRsZX9l9Q81GAT2.jpg', 120, 1, '2025-02-26 08:31:05', '2025-02-26 08:31:05', NULL),
(247, 6, 'Hulló levelek', 2023, 'Két magányos ember (Alma Pöysti, Jussi Vatanen) véletlenül találkozik egy este Helsinkiben, és mindketten megpróbálják megtalálni a másikban az első.', NULL, 'https://szalkaimozi.hu/images/ages/2-circle.svg', 1590, '2025-06-18', '18:00', '1 óra 21 perc', 'https://media.themoviedb.org/t/p/w300_and_h450_bestv2/phoOzhlaPQWEYqrnExrEtZwfI8V.jpg', 120, 1, '2025-02-26 08:32:24', '2025-02-26 08:32:24', NULL),
(248, 6, 'Körmök', 2023, 'Honnan tudhatod biztosan, hogy rátaláltál az igaz szerelemre? Képzelj el egy olyan vizsgálatot, amely határozottan megválaszolja ezt a kérdést, mégpedig az érintettek körméből', NULL, 'https://szalkaimozi.hu/images/ages/4-circle.svg', 1590, '2025-06-20', '17:30', '1 óra 53 perc', 'https://media.themoviedb.org/t/p/w300_and_h450_bestv2/jOUlGXjol64067Vb1TpisQIZ5cZ.jpg', 120, 1, '2025-02-26 08:33:48', '2025-02-26 08:33:48', NULL),
(249, 6, 'Megbántottál', 2023, 'Egy írónő régóta tartó házassága hirtelen felborul, amikor meghallja, hogy férje őszintén nyilatkozik legújabb könyvéről.', NULL, 'https://szalkaimozi.hu/images/ages/3-circle.svg', 1590, '2025-06-21', '19:10', '1 óra 33 perc', 'https://media.themoviedb.org/t/p/w300_and_h450_bestv2/A6mCteftbdCgmYwx6GnAH1VIHe5.jpg', 120, 1, '2025-02-26 08:34:50', '2025-04-07 17:20:01', NULL),
(250, 6, 'Robotok', 2023, 'A nőcsábász Charles és Elaine, aki csak a férfiak vagyonára hajt, most kénytelenek összefogni, ha el akarják kapni saját hasonmásaikat, akik valójában robotok.', NULL, 'https://szalkaimozi.hu/images/ages/4-circle.svg', 1590, '2025-06-22', '17:40', '1 óra 33 perc', 'https://media.themoviedb.org/t/p/w300_and_h450_bestv2/h7Tobu3jGbL9Us3MTY1nKbIIg4s.jpg', 120, 1, '2025-02-26 08:36:12', '2025-02-26 08:36:12', NULL),
(251, 6, 'A telefestő', 2023, 'Carl Nargle, a helyi kincs, akinek megnyugtatóan suttogó hangja van, évtizedek óta saját festészeti műsorát vezeti a vermonti közszolgálati televízióban. Művészete magával ragadja a nézőt.', NULL, 'https://szalkaimozi.hu/images/ages/3-circle.svg', 1590, '2025-06-23', '20:00', '1 óra 36 perc', 'https://media.themoviedb.org/t/p/w300_and_h450_bestv2/xSRCzUngnwcandJqY49Jn77VN5V.jpg', 120, 1, '2025-02-26 08:37:35', '2025-02-26 08:37:35', NULL),
(252, 6, 'Pilya', 2024, 'Szex és pletykák bővelkednek ebben az erotikus történetben Jules középiskolás diákról, aki nem áll meg semmiben, hogy visszaszerezze legjobb barátnőjét, Dahliát az új diáklánytól, Nessától.', NULL, 'https://szalkaimozi.hu/images/ages/5-circle.svg', 1590, '2025-05-25', '21:00', '1 óra 6 perc', 'https://media.themoviedb.org/t/p/w300_and_h450_bestv2/aQCJba6669KSTHrreNlrZuLPwWQ.jpg', 120, 1, '2025-02-26 08:39:09', '2025-04-07 17:21:43', NULL),
(253, 2, 'Jókislány', 2024, 'Romy egy befolyásos vezérigazgató kockára teszi karrierjét és a házasságát, amikor szenvedélyes viszonyba kezd a nála jóval fiatalabb gyakornokával, Samuellel.', NULL, 'https://szalkaimozi.hu/images/ages/5-circle.svg', 1590, '2025-02-27', '18:00', '1 óra 55 perc', 'https://media.themoviedb.org/t/p/w300_and_h450_bestv2/ywKjC6vduP9Q5DOunmU4R35wQys.jpg', 120, 1, '2025-02-27 06:57:55', '2025-04-07 17:12:20', NULL),
(254, 3, 'A Majom', 2025, 'Amikor az ikertestvérek, Bill és Hal megtalálják apjuk régi cintányéros majomjátékát a padláson, szörnyű halálesetek sorozata kezdődik. A testvérek úgy döntenek, hogy kidobják a játékot, és folytatják az életüket. ', NULL, 'https://szalkaimozi.hu/images/ages/5-circle.svg', 1590, '2025-02-27', '11:45', '1 óra 38 perc', 'https://www.themoviedb.org/t/p/w600_and_h900_bestv2/gXyCAQevthfv1yEm6i6YndHODqO.jpg', 120, 1, '2025-02-27 06:58:20', '2025-04-07 15:16:40', NULL),
(255, 3, 'Bridget Jones Bolondulásig', 2025, 'Bridget Jones végre szerencsés az életben. Van egy remek forgatókönyvírói állása, kis, bár apátlan családja és egy új barátja. Ám hamarosan nem csak az okoz gondot, hogy a férfi több mint húsz évvel fiatalabb nála...', NULL, 'https://szalkaimozi.hu/images/ages/3-circle.svg', 1590, '2025-02-27', '14:25', '2 óra 4 perc', 'https://www.themoviedb.org/t/p/w600_and_h900_bestv2/vq9hmMJFz4iDWaNQDvVLSKxfQP7.jpg', 120, 1, '2025-02-27 06:59:32', '2025-04-07 16:43:06', NULL),
(256, 2, 'Páncél mögött', 2024, 'Egy apa és fia, akik biztonsági őrként dolgoznak egy páncélautó-vállalatnál, egy hídon találkoznak egy csapat leendő rablóval. Csapdába esnek, és ki kell találniuk egy tervet a menekülésre.', NULL, 'https://szalkaimozi.hu/images/ages/4-circle.svg', 1590, '2025-02-17', '19:00', '1 óra 29 perc', 'https://media.themoviedb.org/t/p/w300_and_h450_bestv2/pnXLFioDeftqjlCVlRmXvIdMsdP.jpg', 120, 1, '2025-02-27 07:00:13', '2025-04-07 17:12:20', NULL),
(257, 2, 'Polgárháború', 2024, 'A közeljövőben, a polgárháború által feldúlt Egyesült Államokban, háborús újságírók egy csoportja próbál túlélni miközben beszámol az igazságról.', NULL, 'https://szalkaimozi.hu/images/ages/5-circle.svg', 1590, '2025-02-27', '21:00', '1 óra 49 perc', 'https://media.themoviedb.org/t/p/w300_and_h450_bestv2/oCzzgAJcl52ntF0RZrW6hvPk93d.jpg', 120, 1, '2025-02-27 07:01:39', '2025-04-07 17:12:20', NULL),
(258, 3, 'Gru 4', 2024, 'Hét év szünet után a sorozat legújabb filmjében a világ kedvenc szupergonoszból lett Anti Gonosz Liga ügynöke visszatér egy izgalmas, merész, minyonoktól hemzsegő kavalkádban, a GRU 4-ben. ', NULL, 'https://szalkaimozi.hu/images/ages/2-circle.svg', 1590, '2025-02-28', '10:25', '10:45', 'https://www.themoviedb.org/t/p/w600_and_h900_bestv2/vt54u6Ho7lGX0wHG6vKtnngRZB0.jpg', 120, 1, '2025-02-27 07:01:46', '2025-04-07 17:07:49', NULL),
(259, 3, 'A legszebb lány a világon', 2025, 'Egy playboy szerepel egy társkereső műsorban, mert csak akkor juthat hozzá az örökségéhez, ha teljesíti az apja utolsó kívánságát: feleségül kell vennie a legszebb nőt a világon.', NULL, 'https://szalkaimozi.hu/images/ages/3-circle.svg', 1590, '2025-04-05', '15:50', '2 óra 2 perc', 'https://www.themoviedb.org/t/p/w600_and_h900_bestv2/iIfL2XV0tVZzRezrYok5YTQt51K.jpg', 120, 1, '2025-02-27 07:02:42', '2025-04-07 17:07:49', NULL),
(260, 2, 'Oppenheimer', 2023, 'J. Robert Oppenheimer története, aki a Manhattan Terv vezetőjeként, az első atomfegyver létrehozásáért volt felelős a II. világháború idején.', NULL, 'https://szalkaimozi.hu/images/ages/4-circle.svg', 1590, '2025-02-25', '16:30', '3 óra', 'https://media.themoviedb.org/t/p/w300_and_h450_bestv2/89fbqq5nnnzroLpD13T4TJ55Llf.jpg', 120, 1, '2025-02-27 07:03:14', '2025-04-07 15:26:20', NULL),
(261, 3, 'Őrült skandináv szerelem', 2025, 'Egy stockholmi pár az esküvőjére készül Gotland gyönyörű szigetén, ahol a család által rájuk kényszerített hagyományok rémálommá változtatják életük legszebb napját.', NULL, 'https://szalkaimozi.hu/images/ages/3-circle.svg', 1590, '2025-02-24', '14:55', '1 óra 36 perc', 'https://www.themoviedb.org/t/p/w600_and_h900_bestv2/e2yAyz0PR43aIxnGjv9HJryHBys.jpg', 120, 1, '2025-02-27 07:04:55', '2025-04-07 17:07:49', NULL),
(262, 2, 'A szerelem ideje', 2024, 'Minden néhány véletlenen múlik - maga az élet, a maga találkozásaival, szerelmeivel, örömeivel és bánataival. Almut (Florence Pugh) és Tobias (Andrew Garfield) útjai véletlenül keresztezik egymást.', NULL, '2024', 1590, '2025-04-06', '16:00', '1 óra 48 perc', 'https://media.themoviedb.org/t/p/w300_and_h450_bestv2/n3Ih6B0CK7AUgETduuvK980WZ57.jpg', 120, 1, '2025-02-27 07:05:25', '2025-04-07 17:12:20', NULL),
(263, 3, 'Majdnem terhes', 2025, 'Amikor Lainy letelepedős-családalapítós tervei széthullanak, felpróbál egy műpocakot, hazudni kezd – és véletlenül rátalál élete szerelmére.', NULL, 'https://szalkaimozi.hu/images/ages/4-circle.svg', 1590, '2025-02-24', '8:45', '1 óra 37 perc', 'https://www.themoviedb.org/t/p/w600_and_h900_bestv2/uabm2v38m8pROzcXQVU6mVzaIqE.jpg', 120, 1, '2025-02-27 07:06:01', '2025-04-07 17:07:49', NULL),
(264, 2, 'Egyre közelebb', 2024, 'A 17 éves Akito életéből hátralévő egy év új értelmet nyer, amikor elhatározza, hogy boldoggá tesz egy halálos betegségben szenvedő lányt, akinek mindössze hat hónapja van hátra.', NULL, 'https://szalkaimozi.hu/images/ages/3-circle.svg', 1590, '2025-02-24', '17:30', '1 óra 59 perc', 'https://media.themoviedb.org/t/p/w300_and_h450_bestv2/kSnitPhsNWPjesGo05uohks4j1t.jpg', 120, 1, '2025-02-27 07:25:08', '2025-04-07 17:12:20', NULL),
(265, 2, 'Szabadság', 2024, 'A filmet az 1980-as évek Franciaországának egyik leghírhedtebb békés rablója, Bruno Sulak igaz története ihlette. Számos rablást hajtott végre.', NULL, 'https://szalkaimozi.hu/images/ages/4-circle.svg', 1590, '2025-04-06', '15:00', '1 óra 50 perc', 'https://media.themoviedb.org/t/p/w300_and_h450_bestv2/aMjS8kToqMEluwY9jw0riqYo09p.jpg', 120, 1, '2025-02-27 07:28:07', '2025-04-07 17:12:20', NULL),
(266, 2, 'Kettes számú esküdt', 2024, 'A történet egy gyilkossági tárgyalásról szól, az egyik esküdt megpróbálja megvédeni a vádlottat anélkül, hogy veszélybe sodorná magát, amikor rájön, hogy valójában ő a felelős az áldozat haláláért.', NULL, 'https://szalkaimozi.hu/images/ages/3-circle.svg', 1590, '2025-02-28', '17:30', '1 óra 54 perc', 'https://media.themoviedb.org/t/p/w300_and_h450_bestv2/10BP1XBJWnIrXUZIz7QeSwWzpRL.jpg', 120, 1, '2025-02-27 07:29:56', '2025-04-07 17:12:20', NULL),
(267, 2, 'Érdekvédelmi terület', 2023, 'Rudolf Höss, Auschwitz parancsnoka feleségével, Hedwiggel együtt megpróbál ideális életet teremteni családjuk számára a koncentrációs tábor közelében lévő rezidencián.', NULL, 'https://szalkaimozi.hu/images/ages/3-circle.svg', 1590, '2025-02-26', '18:15', '1 óra 45 perc', 'https://media.themoviedb.org/t/p/w300_and_h450_bestv2/35eLKAHYzNrg5hh5ZYSsYPlwPSK.jpg', 120, 1, '2025-02-27 07:32:16', '2025-04-07 17:12:20', NULL),
(268, 3, 'Mickey 17', 2025, 'Az Élősködők rendezőjének, Bong Joon-ho legújabb filmje, amely Edward Ashton azonos című regénye alapján készül.', NULL, 'https://szalkaimozi.hu/images/ages/4-circle.svg', 1590, '2025-02-26', '16:25', '2 óra 18 perc', 'https://www.themoviedb.org/t/p/w600_and_h900_bestv2/lrCcovGRcuv8Z1v3ae1ZH5Ird05.jpg', 120, 1, '2025-02-27 07:32:17', '2025-04-07 17:00:01', NULL),
(269, 3, 'La Dolce Villa', 2025, 'Miután a lánya úgy dönt, hogy megvesz egy roskadozó toszkán villát, Eric Olaszországba siet, hogy lebeszélje róla – ám szépségre, romantikára és egy új életcélra lel.', NULL, 'https://szalkaimozi.hu/images/ages/3-circle.svg', 1590, '2025-02-26', '18:35', '1 óra 39 perc', 'https://www.themoviedb.org/t/p/w600_and_h900_bestv2/sEma5RN8aZ5Yu2Dkefyn5ULdlc1.jpg', 120, 1, '2025-02-27 07:33:34', '2025-04-07 16:59:58', NULL),
(270, 2, 'Kihívók', 2024, 'Art és Patrick nagyon jól ismerik egymást. Évekkel korábban elválaszthatatlan cimborák voltak, egészen addig, míg Tashi nem került a képbe. Nemcsak a legjobb volt a pályán.', NULL, 'https://szalkaimozi.hu/images/ages/3-circle.svg', 1590, '2025-02-28', '19:20', '2 óra 12 perc', 'https://media.themoviedb.org/t/p/w300_and_h450_bestv2/zpqHscX6qHa30kLaJGwhBqs9Q44.jpg', 120, 1, '2025-02-27 07:35:11', '2025-04-07 17:12:20', NULL),
(271, 3, 'Holt Tehetségek Társasága', 2024, 'Kíséri a szellemeket, akik a legijesztőbb városi legendák és az alvilág legsikeresebb és leghíresebb sztárjaivá akarnak válni az élők között végrehajtott ijesztgető taktikáik és előadásaik révén.', NULL, 'https://szalkaimozi.hu/images/ages/4-circle.svg', 1590, '2025-03-01', '10:45', '1 óra 50 perc', 'https://www.themoviedb.org/t/p/w600_and_h900_bestv2/gmLY0j1j2TkyksJnwzcKb9hfLWQ.jpg', 120, 1, '2025-02-27 07:36:57', '2025-04-07 15:13:46', NULL),
(272, 2, 'Lélekkovács', 2024, 'Miután a középiskolát mindenféle terv nélkül fejezte be, Isaiah kap egy lökést, hogy jobb döntéseket hozzon az életével kapcsolatban.', NULL, 'https://szalkaimozi.hu/images/ages/3-circle.svg', 1590, '2025-02-28', '21:00', '2 óra 3 perc', 'https://media.themoviedb.org/t/p/w300_and_h450_bestv2/oranxontIQRmhuyQlkoAwxpeBYz.jpg', 120, 1, '2025-02-27 07:37:10', '2025-04-07 17:12:20', NULL),
(273, 2, 'Nincs lehetetlen', 2024, 'Anthony Robles inspiráló igaz története, aki egy lábbal született, de megtörhetetlen lelkesedésével és elszántságával, az esélytelensége ellenére is beteljesítette sportolói álmait.', NULL, 'https://szalkaimozi.hu/images/ages/3-circle.svg', 1590, '2025-03-03', '20:00', '2 óra 3 perc', 'https://media.themoviedb.org/t/p/w300_and_h450_bestv2/xjMy0q0fhDx9P14G4Zg0bN7fW66.jpg', 120, 1, '2025-02-27 07:39:29', '2025-04-07 17:12:20', NULL),
(274, 2, 'A 6888 zászlóalj', 2024, 'Tyler Perry igaz történeten alapuló drámájában a II. világháború egyetlen amerikai, tengeren túlon állomásozó, színes bőrű nőkből álló dandárjára lehetetlen feladat vár.', NULL, 'https://szalkaimozi.hu/images/ages/3-circle.svg', 1590, '2025-03-03', '13:40', '2 óra 10 perc', 'https://media.themoviedb.org/t/p/w300_and_h450_bestv2/r5sSWCrISbmU4mb1wTMlu8m8AS1.jpg', 120, 1, '2025-02-27 07:47:10', '2025-04-07 17:12:20', NULL),
(275, 2, 'Tökéletes napok', 2023, 'Hirajama Tokióban dolgozik, munkája során mosdókat takarít. A férfi láthatóan elégedett egyszerű, harmonikus egyhangúságban telő életével, és örömet lel az élet apró csodáiban.', NULL, 'https://szalkaimozi.hu/images/ages/3-circle.svg', 1590, '2025-03-01', '17:50', '2 óra 4 perc', 'https://media.themoviedb.org/t/p/w300_and_h450_bestv2/vs44oRrSjuwFmFT9JMRhIwZDkaV.jpg', 120, 1, '2025-02-27 07:49:52', '2025-04-07 17:12:20', NULL),
(276, 3, 'Jövőre ilyenkor', 2024, 'Minnie és Quinn egy szilveszteri buliban hamar rájönnek, hogy van köztük valami közös – ugyanabban az évben, újév napján születtek, ugyanabban a londoni kórházban, egy perc különbséggel. ', NULL, 'https://szalkaimozi.hu/images/ages/3-circle.svg', 1590, '2025-03-02', '18:45', '1 óra 56 perc', 'https://www.themoviedb.org/t/p/w600_and_h900_bestv2/ckLPzRl9ZDHzNt4tDjkTGUyCYg7.jpg', 120, 1, '2025-02-27 07:50:24', '2025-04-07 15:43:58', NULL),
(277, 2, 'A drogbárónő', 2024, 'Kilencéves korában Rebecát a nagyanyja eladja a Rocinhát vezető könyvkereskedőnek. A bicheirok és drogkereskedők által vitatott közösségben hatalmi változások zajlanak.', NULL, 'https://szalkaimozi.hu/images/ages/5-circle.svg', 1590, '2025-03-04', '21:00', '1 óra 20 perc', 'https://media.themoviedb.org/t/p/w300_and_h450_bestv2/irPOrX2HkyWv68DBukMSa2ph2tz.jpg', 120, 1, '2025-02-27 07:51:08', '2025-04-07 17:12:20', NULL),
(278, 3, 'Potyanászút', 2025, 'Amikor a menyasszonya faképénél hagyja az oltárnál az expasija miatt, egy fiatalembernek nem marad más választása, mint hogy a saját anyjával menjen el a nászútra.', NULL, 'https://szalkaimozi.hu/images/ages/3-circle.svg', 1590, '2025-03-02', '20:45', '1 óra 33 perc', 'https://www.themoviedb.org/t/p/w600_and_h900_bestv2/i1O2F0GiKN2iUCIhJ7bDM3fra3a.jpg', 120, 1, '2025-02-27 07:51:25', '2025-04-07 15:09:09', NULL),
(279, 2, 'Felkelés', 2024, 'A Csoszon dinasztia idejében két gyerekkori jó barát – egy úr és egy szolga – a háború után egymás ellen harcoló ellenségekként látják viszont egymást.', NULL, 'https://szalkaimozi.hu/images/ages/5-circle.svg', 1590, '2025-03-04', '19:50', '2 óra 6 perc', 'https://media.themoviedb.org/t/p/w300_and_h450_bestv2/ctP3PaMvja0DGcdMzMPobUM3v2c.jpg', 120, 1, '2025-02-27 07:53:01', '2025-04-07 17:12:20', NULL),
(280, 3, 'Halál az esküvő előtt ', 2025, 'Amikor Maja hazaviszi a vőlegényét, régimódi szüleinek le kell győzniük kulturális előítéleteiket, miközben próbálják megmenteni a tejüzemüket. A szerelem vajon mindent legyőz?', NULL, 'https://szalkaimozi.hu/images/ages/3-circle.svg', 1590, '2025-07-12', '15:45', '1 óra 46 perc', 'https://www.themoviedb.org/t/p/w600_and_h900_bestv2/aB56Pieb6TxgksUokPeTPb8k9uA.jpg', 119, 1, '2025-02-27 07:54:22', '2025-04-08 17:10:28', '[[\"szabad\",\"szabad\",\"szabad\",\"szabad\",\"szabad\",\"szabad\",\"szabad\",\"szabad\",\"szabad\",\"szabad\",\"szabad\",\"szabad\",\"szabad\",\"szabad\",\"szabad\"],[\"szabad\",\"szabad\",\"szabad\",\"szabad\",\"szabad\",\"szabad\",\"szabad\",\"szabad\",\"foglalt\",\"szabad\",\"szabad\",\"szabad\",\"szabad\",\"szabad\",\"szabad\"],[\"szabad\",\"szabad\",\"szabad\",\"szabad\",\"szabad\",\"szabad\",\"szabad\",\"szabad\",\"szabad\",\"szabad\",\"szabad\",\"szabad\",\"szabad\",\"szabad\",\"szabad\"],[\"szabad\",\"szabad\",\"szabad\",\"szabad\",\"szabad\",\"szabad\",\"szabad\",\"szabad\",\"szabad\",\"szabad\",\"szabad\",\"szabad\",\"szabad\",\"szabad\",\"szabad\"],[\"szabad\",\"szabad\",\"szabad\",\"szabad\",\"szabad\",\"szabad\",\"szabad\",\"szabad\",\"szabad\",\"szabad\",\"szabad\",\"szabad\",\"szabad\",\"szabad\",\"szabad\"],[\"szabad\",\"szabad\",\"szabad\",\"szabad\",\"szabad\",\"szabad\",\"szabad\",\"szabad\",\"szabad\",\"szabad\",\"szabad\",\"szabad\",\"szabad\",\"szabad\",\"szabad\"],[\"szabad\",\"szabad\",\"szabad\",\"szabad\",\"szabad\",\"szabad\",\"szabad\",\"szabad\",\"szabad\",\"szabad\",\"szabad\",\"szabad\",\"szabad\",\"szabad\",\"szabad\"],[\"szabad\",\"szabad\",\"szabad\",\"szabad\",\"szabad\",\"szabad\",\"szabad\",\"szabad\",\"szabad\",\"szabad\",\"szabad\",\"szabad\",\"szabad\",\"szabad\",\"szabad\"]]'),
(281, 3, 'Rosebud Baker The Mother Lode', 2025, 'Rosebud Baker nyers és vidám pillantást vet az anyaságra annak teljes kaotikus szépségében - a szülés előtt és után is felvéve.', NULL, 'https://szalkaimozi.hu/images/ages/5-circle.svg', 1590, '2025-07-13', '18:25', '1 óra 45 perc', 'https://www.themoviedb.org/t/p/w600_and_h900_bestv2/pXtFoZR2YQv1jka1m2mpmB9jUz7.jpg', 120, 1, '2025-02-27 07:56:01', '2025-04-07 17:10:24', NULL),
(282, 3, 'Éjszakai szuka', 2024, 'Egy nő karrierjét megszakítva főállású anya lesz, ám friss háztartásbeli élete hamarosan szürreális fordulatot vesz.', NULL, 'https://szalkaimozi.hu/images/ages/4-circle.svg', 1590, '2025-07-14', '14:25', '1 óra 38 perc', 'https://www.themoviedb.org/t/p/w600_and_h900_bestv2/523DQXLUsbDWJ5U7sPUYIIIvMzq.jpg', 120, 1, '2025-02-27 07:57:48', '2025-04-07 17:07:49', NULL),
(283, 2, 'Célt tévesztett élet', 2023, 'Miután egy orvlövész szilveszter éjjelén 29 ember halálát okozza, az FBI vezető nyomozója, Geoffrey Lammark (Ben Mendelsohn) emlékezteti a baltimore-i rendőrség embereit.', NULL, 'https://szalkaimozi.hu/images/ages/3-circle.svg', 1590, '2025-03-05', '21:00', '1 óra 59 perc', 'https://media.themoviedb.org/t/p/w300_and_h450_bestv2/2eJ6uPSAOCCY0iptuIdG9fsptGv.jpg', 120, 1, '2025-02-27 08:25:33', '2025-04-07 17:12:20', NULL),
(284, 2, 'Fekete táska', 2025, 'Amikor Kathryn Woodhouse titkosügynököt azzal gyanúsítják, hogy elárulta a nemzetet, legendás ügynök férje egy végső próbával néz szembe, hogy a házasságához vagy hazájához legyen hűséges.', NULL, 'https://szalkaimozi.hu/images/ages/4-circle.svg', 1590, '2025-03-06', '19:30', '1 óra 33 perc', 'https://media.themoviedb.org/t/p/w300_and_h450_bestv2/p6M5UJIxNrb02fgasEsfmxwddWW.jpg', 120, 1, '2025-02-27 08:28:02', '2025-04-07 17:12:20', NULL),
(285, 2, 'A hullámokon túl', 2024, 'Egy lakatlan szigeten rekedt négyfős család a túlélésért küzd, miközben fény derül a múltjukra, ami megdöbbentő eseményekkel teli mélyrepülést eredményez.', NULL, 'https://szalkaimozi.hu/images/ages/3-circle.svg', 1590, '2025-03-08', '17:05', '1 óra 38 perc', 'https://media.themoviedb.org/t/p/w300_and_h450_bestv2/paesE1W2WFqJEBNMFUszFVcuDsW.jpg', 120, 1, '2025-02-27 08:30:14', '2025-04-07 17:12:20', NULL),
(286, 2, 'Egy élet', 2023, 'Nicholas “Nicky” Winton, az ifjú londoni bróker a csehszlovákiai menekültek ügyével foglalkozó brit bizottság munkatársaival, Trevor Chadwickkel és Doreen Warrinerrel 669 gyereket.', NULL, 'https://szalkaimozi.hu/images/ages/3-circle.svg', 1590, '2025-03-10', '14:30', '1 óra 49 perc', 'https://media.themoviedb.org/t/p/w300_and_h450_bestv2/e84wvrV5C5tj20BJErL1rosl12l.jpg', 120, 1, '2025-02-27 08:31:41', '2025-04-07 17:12:20', NULL),
(287, 3, 'Veled a jövőben', 2025, 'Carlos és Elena épp a válási szerződést készülnek aláírni, amikor váratlan ajándékot kapnak, amellyel visszautazhatnak az időben. Vissza a 90-es évekbe, a bőrdzsekik, a harsány frizurák és a pop-rock nosztalgikus korszakába..', NULL, 'https://szalkaimozi.hu/images/ages/3-circle.svg', 1590, '2025-07-15', '12:45', '1 óra 31 perc', 'https://www.themoviedb.org/t/p/w600_and_h900_bestv2/ee9iNQi91kpIkdfsAiGmJO7QdSF.jpg', 120, 1, '2025-02-27 11:16:07', '2025-04-07 17:07:49', NULL),
(288, 2, 'Sebességmámor', 2024, 'Egy kihágás miatt elbocsátott katona az elhidegült apjához fordul segítségért, hogy elérhesse álmát a motoros SuperSport-világbajnokságon.', NULL, 'https://szalkaimozi.hu/images/ages/3-circle.svg', 1590, '2025-05-01', '10:50', '1 óra 47 perc', 'https://media.themoviedb.org/t/p/w300_and_h450_bestv2/2kbc7f3y9U57oryxrb1YaxkZ93E.jpg', 120, 1, '2025-02-27 11:17:53', '2025-04-10 09:12:38', '[[\"szabad\",\"szabad\",\"szabad\",\"szabad\",\"szabad\",\"szabad\",\"szabad\",\"szabad\",\"szabad\",\"szabad\",\"szabad\",\"szabad\",\"szabad\",\"szabad\",\"szabad\"],[\"szabad\",\"szabad\",\"szabad\",\"szabad\",\"szabad\",\"szabad\",\"szabad\",\"szabad\",\"szabad\",\"szabad\",\"szabad\",\"szabad\",\"szabad\",\"szabad\",\"szabad\"],[\"szabad\",\"szabad\",\"szabad\",\"szabad\",\"szabad\",\"szabad\",\"szabad\",\"szabad\",\"szabad\",\"szabad\",\"szabad\",\"szabad\",\"szabad\",\"szabad\",\"szabad\"],[\"szabad\",\"szabad\",\"szabad\",\"szabad\",\"szabad\",\"szabad\",\"szabad\",\"szabad\",\"szabad\",\"szabad\",\"szabad\",\"szabad\",\"szabad\",\"szabad\",\"szabad\"],[\"szabad\",\"szabad\",\"szabad\",\"szabad\",\"szabad\",\"szabad\",\"szabad\",\"szabad\",\"szabad\",\"szabad\",\"szabad\",\"szabad\",\"szabad\",\"szabad\",\"szabad\"],[\"szabad\",\"szabad\",\"szabad\",\"szabad\",\"szabad\",\"szabad\",\"szabad\",\"szabad\",\"szabad\",\"szabad\",\"szabad\",\"szabad\",\"szabad\",\"szabad\",\"szabad\"],[\"szabad\",\"szabad\",\"szabad\",\"szabad\",\"szabad\",\"szabad\",\"szabad\",\"szabad\",\"szabad\",\"szabad\",\"szabad\",\"szabad\",\"szabad\",\"szabad\",\"szabad\"],[\"szabad\",\"szabad\",\"szabad\",\"szabad\",\"szabad\",\"szabad\",\"szabad\",\"szabad\",\"szabad\",\"szabad\",\"szabad\",\"szabad\",\"szabad\",\"szabad\",\"szabad\"]]'),
(289, 3, 'Rokonszenvedés', 2024, 'A két unokatestvér, David és Benji igazi össze nem illő páros. Együtt vágnak neki egy lengyelországi túrának, hogy adózzanak szeretett nagymamájuk emléke előtt. ', NULL, 'https://szalkaimozi.hu/images/ages/4-circle.svg', 1590, '2025-07-16', '14:45', '1 óra 30 perc', 'https://www.themoviedb.org/t/p/w600_and_h900_bestv2/YFBxGIHoiNFrUSRSwUkzky7mSU.jpg', 120, 1, '2025-02-27 11:17:55', '2025-04-07 17:07:49', NULL),
(290, 3, 'Ghosted', 2023, 'Miután Cole és Sadie randiznak egymással, a lány nem válaszol az üzeneteire. Cole úgy dönt, hogy meglepetés gyanánt Londonba utazik, de ott meglepő felfedezést tesz: kiderül, hogy Sadie titkos ügynök.', NULL, 'https://szalkaimozi.hu/images/ages/4-circle.svg', 1590, '2025-07-17', '18:45', '1 óra 57 perc', 'https://www.themoviedb.org/t/p/w600_and_h900_bestv2/9BijQY18fWdjTIDmz1i2w8NfsR8.jpg', 120, 1, '2025-02-27 11:18:47', '2025-04-07 17:07:49', NULL),
(291, 2, '60 perc', 2024, 'A lánya felügyeleti jogáért mindenre hajlandó harcművész lemond egy nagy mérkőzést, hogy Berlinen átszáguldva részt vehessen a lány szülinapi buliján.', NULL, 'https://szalkaimozi.hu/images/ages/4-circle.svg', 1590, '2025-05-02', '12:40', '1 óra 29 perc', 'https://media.themoviedb.org/t/p/w300_and_h450_bestv2/meiysDOKYlKmj1xEZeibynMHXqo.jpg', 120, 1, '2025-02-27 11:19:03', '2025-04-10 09:12:40', '[[\"szabad\",\"szabad\",\"szabad\",\"szabad\",\"szabad\",\"szabad\",\"szabad\",\"szabad\",\"szabad\",\"szabad\",\"szabad\",\"szabad\",\"szabad\",\"szabad\",\"szabad\"],[\"szabad\",\"szabad\",\"szabad\",\"szabad\",\"szabad\",\"szabad\",\"szabad\",\"szabad\",\"szabad\",\"szabad\",\"szabad\",\"szabad\",\"szabad\",\"szabad\",\"szabad\"],[\"szabad\",\"szabad\",\"szabad\",\"szabad\",\"szabad\",\"szabad\",\"szabad\",\"szabad\",\"szabad\",\"szabad\",\"szabad\",\"szabad\",\"szabad\",\"szabad\",\"szabad\"],[\"szabad\",\"szabad\",\"szabad\",\"szabad\",\"szabad\",\"szabad\",\"szabad\",\"szabad\",\"szabad\",\"szabad\",\"szabad\",\"szabad\",\"szabad\",\"szabad\",\"szabad\"],[\"szabad\",\"szabad\",\"szabad\",\"szabad\",\"szabad\",\"szabad\",\"szabad\",\"szabad\",\"szabad\",\"szabad\",\"szabad\",\"szabad\",\"szabad\",\"szabad\",\"szabad\"],[\"szabad\",\"szabad\",\"szabad\",\"szabad\",\"szabad\",\"szabad\",\"szabad\",\"szabad\",\"szabad\",\"szabad\",\"szabad\",\"szabad\",\"szabad\",\"szabad\",\"szabad\"],[\"szabad\",\"szabad\",\"szabad\",\"szabad\",\"szabad\",\"szabad\",\"szabad\",\"szabad\",\"szabad\",\"szabad\",\"szabad\",\"szabad\",\"szabad\",\"szabad\",\"szabad\"],[\"szabad\",\"szabad\",\"szabad\",\"szabad\",\"szabad\",\"szabad\",\"szabad\",\"szabad\",\"szabad\",\"szabad\",\"szabad\",\"szabad\",\"szabad\",\"szabad\",\"szabad\"]]'),
(292, 3, 'Borderlands', 2024, 'Lilith, a hírhedt, titokzatos múltú kincsvadász, vonakodva tér vissza hazájába, Pandorára, a galaxis legkaotikusabb bolygójára. Küldetése megtalálni Atlas, az univerzum leghatalmasabb gengszterének eltűnt lányát. ', NULL, 'https://szalkaimozi.hu/images/ages/4-circle.svg', 1590, '2025-07-18', '22:40', '1 óra 42 perc', 'https://www.themoviedb.org/t/p/w600_and_h900_bestv2/p0FUR86fX7NeJEvCEVUkn2ib2me.jpg', 120, 1, '2025-02-27 11:19:39', '2025-04-07 17:07:49', NULL),
(293, 2, 'A szabadság hangja', 2023, 'A film főszereplője a valóságban is létező Tim Ballard szövetségi ügynök, aki 12 éven keresztül nyomozott gyerekkereskedők és pedofilok után.', NULL, 'https://szalkaimozi.hu/images/ages/3-circle.svg', 1590, '2025-05-03', '15:20', '1 óra 30 perc', 'https://media.themoviedb.org/t/p/w300_and_h450_bestv2/mCIZlbgLBtNhy1Yz1D4EiZdd6O6.jpg', 120, 1, '2025-02-27 11:20:47', '2025-04-10 09:12:47', '[[\"szabad\",\"szabad\",\"szabad\",\"szabad\",\"szabad\",\"szabad\",\"szabad\",\"szabad\",\"szabad\",\"szabad\",\"szabad\",\"szabad\",\"szabad\",\"szabad\",\"szabad\"],[\"szabad\",\"szabad\",\"szabad\",\"szabad\",\"szabad\",\"szabad\",\"szabad\",\"szabad\",\"szabad\",\"szabad\",\"szabad\",\"szabad\",\"szabad\",\"szabad\",\"szabad\"],[\"szabad\",\"szabad\",\"szabad\",\"szabad\",\"szabad\",\"szabad\",\"szabad\",\"szabad\",\"szabad\",\"szabad\",\"szabad\",\"szabad\",\"szabad\",\"szabad\",\"szabad\"],[\"szabad\",\"szabad\",\"szabad\",\"szabad\",\"szabad\",\"szabad\",\"szabad\",\"szabad\",\"szabad\",\"szabad\",\"szabad\",\"szabad\",\"szabad\",\"szabad\",\"szabad\"],[\"szabad\",\"szabad\",\"szabad\",\"szabad\",\"szabad\",\"szabad\",\"szabad\",\"szabad\",\"szabad\",\"szabad\",\"szabad\",\"szabad\",\"szabad\",\"szabad\",\"szabad\"],[\"szabad\",\"szabad\",\"szabad\",\"szabad\",\"szabad\",\"szabad\",\"szabad\",\"szabad\",\"szabad\",\"szabad\",\"szabad\",\"szabad\",\"szabad\",\"szabad\",\"szabad\"],[\"szabad\",\"szabad\",\"szabad\",\"szabad\",\"szabad\",\"szabad\",\"szabad\",\"szabad\",\"szabad\",\"szabad\",\"szabad\",\"szabad\",\"szabad\",\"szabad\",\"szabad\"],[\"szabad\",\"szabad\",\"szabad\",\"szabad\",\"szabad\",\"szabad\",\"szabad\",\"szabad\",\"szabad\",\"szabad\",\"szabad\",\"szabad\",\"szabad\",\"szabad\",\"szabad\"]]'),
(294, 3, 'Greedy People', 2024, 'Egy valaha békés szigetváros lakóközösségének életét egy szenzációs gyilkosság és az egymillió dollár felfedezése után egyre rosszabb döntések sorozata borítja fel.', NULL, 'https://szalkaimozi.hu/images/ages/3-circle.svg', 1590, '2025-07-19', '12:30', '1 óra 53 perc', 'https://www.themoviedb.org/t/p/w600_and_h900_bestv2/aIUZiciO0nMh8MrhmsTaMWZvEWK.jpg', 120, 1, '2025-02-27 11:21:24', '2025-04-07 17:07:49', NULL),
(295, 3, 'A kaszkadőr', 2024, 'Hősünk kaszkadőr, és mint mindenkit a kaszkadőrközösségben, őt is felrobbantják, lelövik, elütik, kidobják ablakokon és leejtik magas helyekről, a mi szórakoztatásunkra.', NULL, 'https://szalkaimozi.hu/images/ages/4-circle.svg', 1590, '2025-07-20', '20:30', '2 óra 7 perc', 'https://www.themoviedb.org/t/p/w600_and_h900_bestv2/vBPAyXEtnqiOnaUzBjgALh6lbxY.jpg', 120, 1, '2025-02-27 11:22:16', '2025-04-07 17:07:49', NULL),
(296, 2, 'Engedj el mindent', 2024, 'Megtudni, hogy mi számít igazán. Stella áll mindent kézben tart... kivéve óvodáskorú fia állandó figyelemigényét, lánya kamaszkori hangulatingadozásait és érzelmileg elérhetetlen férjét.', NULL, 'https://szalkaimozi.hu/images/ages/5-circle.svg', 1590, '2025-05-04', '16:20', '1 óra 50 perc', 'https://media.themoviedb.org/t/p/w300_and_h450_bestv2/hIJRqqAaMUtQ13mZL6lCE6myhXH.jpg', 120, 1, '2025-02-27 11:22:28', '2025-04-10 09:12:49', '[[\"szabad\",\"szabad\",\"szabad\",\"szabad\",\"szabad\",\"szabad\",\"szabad\",\"szabad\",\"szabad\",\"szabad\",\"szabad\",\"szabad\",\"szabad\",\"szabad\",\"szabad\"],[\"szabad\",\"szabad\",\"szabad\",\"szabad\",\"szabad\",\"szabad\",\"szabad\",\"szabad\",\"szabad\",\"szabad\",\"szabad\",\"szabad\",\"szabad\",\"szabad\",\"szabad\"],[\"szabad\",\"szabad\",\"szabad\",\"szabad\",\"szabad\",\"szabad\",\"szabad\",\"szabad\",\"szabad\",\"szabad\",\"szabad\",\"szabad\",\"szabad\",\"szabad\",\"szabad\"],[\"szabad\",\"szabad\",\"szabad\",\"szabad\",\"szabad\",\"szabad\",\"szabad\",\"szabad\",\"szabad\",\"szabad\",\"szabad\",\"szabad\",\"szabad\",\"szabad\",\"szabad\"],[\"szabad\",\"szabad\",\"szabad\",\"szabad\",\"szabad\",\"szabad\",\"szabad\",\"szabad\",\"szabad\",\"szabad\",\"szabad\",\"szabad\",\"szabad\",\"szabad\",\"szabad\"],[\"szabad\",\"szabad\",\"szabad\",\"szabad\",\"szabad\",\"szabad\",\"szabad\",\"szabad\",\"szabad\",\"szabad\",\"szabad\",\"szabad\",\"szabad\",\"szabad\",\"szabad\"],[\"szabad\",\"szabad\",\"szabad\",\"szabad\",\"szabad\",\"szabad\",\"szabad\",\"szabad\",\"szabad\",\"szabad\",\"szabad\",\"szabad\",\"szabad\",\"szabad\",\"szabad\"],[\"szabad\",\"szabad\",\"szabad\",\"szabad\",\"szabad\",\"szabad\",\"szabad\",\"szabad\",\"szabad\",\"szabad\",\"szabad\",\"szabad\",\"szabad\",\"szabad\",\"szabad\"]]'),
(297, 2, 'Robotálmok', 2023, 'Egy szeretetreméltó kutya magányosan él New Yorkban a nyolcvanas években. Manhattan pulzáló hétköznapjait nincs kivel megosztania, ezért úgy dönt, hogy rendel magának egy robotot.', NULL, 'https://szalkaimozi.hu/images/ages/2-circle.svg', 1590, '2025-05-05', '18:20', '1 óra 42 perc', 'https://media.themoviedb.org/t/p/w300_and_h450_bestv2/qW6qO1w0ezqnmER3uHiqSc9RkLf.jpg', 120, 1, '2025-02-27 11:23:46', '2025-04-08 14:37:34', NULL),
(298, 3, 'Egy Minecraft film', 2025, 'Négy kívülálló – Garrett Garrison (Jason Momoa), Henry (Sebastian Eugene Hansen), Natalie (Emma Myers) és Dawn (Danielle Brooks) – kiszakad a mindennapi életéből, amikor egy titokzatos portálon keresztül egy különös világba kerülnek.', NULL, 'https://szalkaimozi.hu/images/ages/2-circle.svg', 1590, '2025-07-21', '22:40', '1 óra 34 perc', 'https://www.themoviedb.org/t/p/w600_and_h900_bestv2/wTxYZNj3NselE9H9dST2GUn4UYE.jpg', 120, 1, '2025-02-27 11:24:06', '2025-04-07 17:07:49', NULL),
(299, 3, 'Imádlak utálni', 2023, 'A csodálatos első randi után Bea és Ben tüzes vonzalma jéghideggé válik – egészen addig, amíg váratlanul újra össze nem találkoznak egy ausztráliai esküvőn. ', NULL, 'https://szalkaimozi.hu/images/ages/4-circle.svg', 1590, '2025-07-22', '10:45', '1 óra 43 perc', 'https://www.themoviedb.org/t/p/w600_and_h900_bestv2/bTZx7eBwXaXPogJiPOqg7KShzmT.jpg', 120, 1, '2025-02-27 11:25:03', '2025-04-07 17:07:49', NULL),
(300, 2, 'Villám Charlie', 2023, 'A problémamegoldó Charlie-nak van egy megoldhatatlannak tűnő problémája: az általa frissen kiiktatott gengszternek hiányzik a feje, márpedig a munkáért csak úgy tudja felvenni a fizetségét.', NULL, 'https://szalkaimozi.hu/images/ages/4-circle.svg', 1590, '2025-05-06', '9:20', '1 óra 30 perc', 'https://media.themoviedb.org/t/p/w300_and_h450_bestv2/mfZ0eZH1DWyFUH8U9GXjGwAHg7x.jpg', 120, 1, '2025-02-27 11:25:28', '2025-04-09 08:34:50', '[[\"szabad\",\"szabad\",\"szabad\",\"szabad\",\"szabad\",\"szabad\",\"szabad\",\"szabad\",\"szabad\",\"szabad\",\"szabad\",\"szabad\",\"szabad\",\"szabad\",\"szabad\"],[\"szabad\",\"szabad\",\"szabad\",\"szabad\",\"szabad\",\"szabad\",\"szabad\",\"szabad\",\"szabad\",\"szabad\",\"szabad\",\"szabad\",\"szabad\",\"szabad\",\"szabad\"],[\"szabad\",\"szabad\",\"szabad\",\"szabad\",\"szabad\",\"szabad\",\"szabad\",\"szabad\",\"szabad\",\"szabad\",\"szabad\",\"szabad\",\"szabad\",\"szabad\",\"szabad\"],[\"szabad\",\"szabad\",\"szabad\",\"szabad\",\"szabad\",\"szabad\",\"szabad\",\"szabad\",\"szabad\",\"szabad\",\"szabad\",\"szabad\",\"szabad\",\"szabad\",\"szabad\"],[\"szabad\",\"szabad\",\"szabad\",\"szabad\",\"szabad\",\"szabad\",\"szabad\",\"szabad\",\"szabad\",\"szabad\",\"szabad\",\"szabad\",\"szabad\",\"szabad\",\"szabad\"],[\"szabad\",\"szabad\",\"szabad\",\"szabad\",\"szabad\",\"szabad\",\"szabad\",\"szabad\",\"szabad\",\"szabad\",\"szabad\",\"szabad\",\"szabad\",\"szabad\",\"szabad\"],[\"szabad\",\"szabad\",\"szabad\",\"szabad\",\"szabad\",\"szabad\",\"szabad\",\"szabad\",\"szabad\",\"szabad\",\"szabad\",\"szabad\",\"szabad\",\"szabad\",\"szabad\"],[\"szabad\",\"szabad\",\"szabad\",\"szabad\",\"szabad\",\"szabad\",\"szabad\",\"szabad\",\"szabad\",\"szabad\",\"szabad\",\"szabad\",\"szabad\",\"szabad\",\"szabad\"]]'),
(301, 2, 'Tárgyalás az életért', 2024, 'Amikor az elnököt elrabolják, Alan Bender túsztárgyalót hívják segítségül, aki azon kapja magát, hogy nemcsak az elnököt, hanem a házasságát is neki kell megmentenie.', NULL, 'https://szalkaimozi.hu/images/ages/3-circle.svg', 1590, '2025-05-09', '12:00', '1 óra 26 perc', 'https://media.themoviedb.org/t/p/w300_and_h450_bestv2/exQZGRM1Vkv5fzwP2f37RJ72JDb.jpg', 120, 1, '2025-02-27 11:27:01', '2025-04-09 05:22:00', '[[\"szabad\",\"szabad\",\"szabad\",\"szabad\",\"szabad\",\"szabad\",\"szabad\",\"szabad\",\"szabad\",\"szabad\",\"szabad\",\"szabad\",\"szabad\",\"szabad\",\"szabad\"],[\"szabad\",\"szabad\",\"szabad\",\"szabad\",\"szabad\",\"szabad\",\"szabad\",\"szabad\",\"szabad\",\"szabad\",\"szabad\",\"szabad\",\"szabad\",\"szabad\",\"szabad\"],[\"szabad\",\"szabad\",\"szabad\",\"szabad\",\"szabad\",\"szabad\",\"szabad\",\"szabad\",\"szabad\",\"szabad\",\"szabad\",\"szabad\",\"szabad\",\"szabad\",\"szabad\"],[\"szabad\",\"szabad\",\"szabad\",\"szabad\",\"szabad\",\"szabad\",\"szabad\",\"szabad\",\"szabad\",\"szabad\",\"szabad\",\"szabad\",\"szabad\",\"szabad\",\"szabad\"],[\"szabad\",\"szabad\",\"szabad\",\"szabad\",\"szabad\",\"szabad\",\"szabad\",\"szabad\",\"szabad\",\"szabad\",\"szabad\",\"szabad\",\"szabad\",\"szabad\",\"szabad\"],[\"szabad\",\"szabad\",\"szabad\",\"szabad\",\"szabad\",\"szabad\",\"szabad\",\"szabad\",\"szabad\",\"szabad\",\"szabad\",\"szabad\",\"szabad\",\"szabad\",\"szabad\"],[\"szabad\",\"szabad\",\"szabad\",\"szabad\",\"szabad\",\"szabad\",\"szabad\",\"szabad\",\"szabad\",\"szabad\",\"szabad\",\"szabad\",\"szabad\",\"szabad\",\"szabad\"],[\"szabad\",\"szabad\",\"szabad\",\"szabad\",\"szabad\",\"szabad\",\"szabad\",\"szabad\",\"szabad\",\"szabad\",\"szabad\",\"szabad\",\"szabad\",\"szabad\",\"szabad\"]]'),
(302, 3, 'Utódok Vörös felemelkedése', 2024, 'Miután a Szívkirálynő puccsot szít Auradonban, lázadó lánya, Vörös és Hamupipőke perfekcionista lánya, Chloe egyesítik erőiket, és visszautaznak az időben, hogy megpróbálják megfordítani azt a traumatikus eseményt.', NULL, 'https://szalkaimozi.hu/images/ages/3-circle.svg', 1590, '2025-07-23', '14:35', '1 óra 32 perc', 'https://www.themoviedb.org/t/p/w600_and_h900_bestv2/5VQtZtuscFKndDVJNe11Ra53sFn.jpg', 120, 1, '2025-02-27 11:27:19', '2025-04-07 17:07:49', NULL),
(303, 2, 'A szenvedély íze', 2023, 'A kivételes tehetségű szakácsnő, Eugenie és munkaadója, a nagy gourmet hírében álló Dodin Bouffant húsz éve alkotnak együtt a gyönyörű francia udvarház konyhájában.', NULL, 'https://szalkaimozi.hu/images/ages/3-circle.svg', 1590, '2025-05-27', '14:30', '2 óra 15 perc', 'https://media.themoviedb.org/t/p/w300_and_h450_bestv2/iIR7gBSvXwIcIWGEJFJdxuMR0cH.jpg', 120, 1, '2025-02-27 11:28:17', '2025-04-08 18:24:46', '[[\"szabad\",\"szabad\",\"szabad\",\"szabad\",\"szabad\",\"szabad\",\"szabad\",\"szabad\",\"szabad\",\"szabad\",\"szabad\",\"szabad\",\"szabad\",\"szabad\",\"szabad\"],[\"szabad\",\"szabad\",\"szabad\",\"szabad\",\"szabad\",\"szabad\",\"szabad\",\"szabad\",\"szabad\",\"szabad\",\"szabad\",\"szabad\",\"szabad\",\"szabad\",\"szabad\"],[\"szabad\",\"szabad\",\"szabad\",\"szabad\",\"szabad\",\"szabad\",\"szabad\",\"szabad\",\"szabad\",\"szabad\",\"szabad\",\"szabad\",\"szabad\",\"szabad\",\"szabad\"],[\"szabad\",\"szabad\",\"szabad\",\"szabad\",\"szabad\",\"szabad\",\"szabad\",\"szabad\",\"szabad\",\"szabad\",\"szabad\",\"szabad\",\"szabad\",\"szabad\",\"szabad\"],[\"szabad\",\"szabad\",\"szabad\",\"szabad\",\"szabad\",\"szabad\",\"szabad\",\"szabad\",\"szabad\",\"szabad\",\"szabad\",\"szabad\",\"szabad\",\"szabad\",\"szabad\"],[\"szabad\",\"szabad\",\"szabad\",\"szabad\",\"szabad\",\"szabad\",\"szabad\",\"szabad\",\"szabad\",\"szabad\",\"szabad\",\"szabad\",\"szabad\",\"szabad\",\"szabad\"],[\"szabad\",\"szabad\",\"szabad\",\"szabad\",\"szabad\",\"szabad\",\"szabad\",\"szabad\",\"szabad\",\"szabad\",\"szabad\",\"szabad\",\"szabad\",\"szabad\",\"szabad\"],[\"szabad\",\"szabad\",\"szabad\",\"szabad\",\"szabad\",\"szabad\",\"szabad\",\"szabad\",\"szabad\",\"szabad\",\"szabad\",\"szabad\",\"szabad\",\"szabad\",\"szabad\"]]');
INSERT INTO `movies` (`id`, `category_id`, `filmnev`, `film_ev`, `filmleiras`, `film_szin`, `korhatar`, `jegyar`, `vetitesidatum`, `vetitesidopont`, `idotartam`, `filmkep`, `darabszam`, `foglalhato`, `created_at`, `updated_at`, `seats`) VALUES
(304, 3, 'Paddington', 2014, 'Paddington, a mackó a legsötétebb perui dzsungelben nőtt fel Lucy nénikéjével. A néni egy angol felfedezővel történő találkozás után abban a szellemben nevelte unokaöccsét, hogy az izgalmas londoni életről álmodozzon. ', NULL, 'https://szalkaimozi.hu/images/ages/2-circle.svg', 1590, '2025-07-24', '20:45', '1 óra 36 perc', 'https://www.themoviedb.org/t/p/w600_and_h900_bestv2/wpchRGhRhvhtU083PfX2yixXtiw.jpg', 120, 1, '2025-02-27 11:29:57', '2025-04-07 17:07:49', NULL),
(305, 2, 'A fattyú', 2023, '1755-ben Ludvig Kahlen kapitány elindul, hogy teljesítsen egy lehetetlennek tűnő küldetést: meg akarja hódítani a zord, lakhatatlan dán vidéket. A férfi célja, hogy kolóniát építsen a király nevében.', NULL, 'https://szalkaimozi.hu/images/ages/4-circle.svg', 1590, '2025-04-08', '18:50', '2 óra 7 perc', 'https://media.themoviedb.org/t/p/w300_and_h450_bestv2/giQcwyUDiNqip2tLq4zF5bfx6Iq.jpg', 120, 1, '2025-02-27 11:43:51', '2025-04-08 14:40:01', NULL),
(306, 2, 'Tűzpiros égbolt', 2023, 'A film két barát történetét követi nyomon, akik a Balti-tenger partján nyaralnak. Az egyikük képzőművész, a másikuk író, és mindketten azt remélik, hogy a nyaralás inspirálja őket a saját művészetükben.', NULL, 'https://szalkaimozi.hu/images/ages/3-circle.svg', 1590, '2025-05-13', '19:20', '1 óra 43 perc', 'https://media.themoviedb.org/t/p/w300_and_h450_bestv2/45NASo41ctj7p7D5z4IJFB2DYIw.jpg', 120, 1, '2025-02-27 11:44:53', '2025-04-08 12:26:51', NULL),
(307, 2, 'Vörös szobák', 2023, 'A sorozatgyilkos Ludovic Chevalier nagy visszhangot kiváltó ügyének tárgyalása épp most kezdődött, és Kelly-Anne a megszállottja. Amikor a valóság összemosódik a morbid fantáziájával.', NULL, 'https://szalkaimozi.hu/images/ages/3-circle.svg', 1590, '2025-05-14', '20:10', '1 óra 58 perc', 'https://media.themoviedb.org/t/p/w300_and_h450_bestv2/5zzrp7tpkVtCRD3mAXlHlrccRyX.jpg', 120, 1, '2025-02-27 11:45:57', '2025-04-08 14:09:53', NULL),
(308, 2, 'A tea illata', 2024, 'A harmincas évei elején járó elefántcsontparti nő, Aya megbotránkoztatja környezetét, amikor az esküvőjén nemet mond a vőlegényének. Kínában kezd új életet, egy teaüzletben talál munkát.', NULL, 'https://szalkaimozi.hu/images/ages/4-circle.svg', 1590, '2025-05-15', '21:10', '1 óra 51 perc', 'https://media.themoviedb.org/t/p/w300_and_h450_bestv2/8mDXSagCHHMNFbX2NlTgNHowKft.jpg', 120, 1, '2025-02-27 11:47:04', '2025-04-07 17:12:20', NULL),
(309, 2, 'Záróra', 2024, 'A Záróra egy poros, útszéli vendéglőben játszódik egyetlen éjszaka alatt, főszereplője pedig Nancy (Jessica Belkin), a fiatal pincérnő, aki egyedül dolgozik a késői műszakban.', NULL, 'https://szalkaimozi.hu/images/ages/5-circle.svg', 1590, '2025-05-16', '20:40', '1 óra 21 perc', 'https://media.themoviedb.org/t/p/w300_and_h450_bestv2/v299WSC52Am5b1d0NWELJKdKL58.jpg', 120, 1, '2025-02-27 11:48:00', '2025-04-08 14:19:50', NULL),
(310, 2, 'A szomorúság háromszöge', 2022, 'Gazdag turisták nyaralnak egy hatalmas luxus óceánjárón. A szupergazdagok és divatmodellek gondtalan semmittevését előbb megzavarja egy harsányan politizáló kapitány.', NULL, 'https://szalkaimozi.hu/images/ages/4-circle.svg', 1590, '2025-09-01', '19:30', '2 óra 27 perc', 'https://media.themoviedb.org/t/p/w300_and_h450_bestv2/sBNYMiGe3RvwWx6Jz2hJIQoeMRf.jpg', 120, 1, '2025-03-01 13:01:05', '2025-04-08 14:14:33', NULL),
(311, 2, 'Pénzeső', 2023, 'Keith Gill megtakarított pénzéből GameStop-részvényt vesz, majd posztol róla. Amikor a közösségi média felrobban, az ő és az őt követők élete, hirtelen megváltozik.', NULL, 'https://szalkaimozi.hu/images/ages/3-circle.svg', 1590, '2025-09-02', '21:00', '1 óra 45 perc', 'https://media.themoviedb.org/t/p/w300_and_h450_bestv2/ptawmddSQJ5F2Nt5gLmZD49WbOZ.jpg', 120, 1, '2025-03-01 13:03:14', '2025-04-07 17:12:20', NULL),
(312, 2, 'Anyai ösztön', 2024, 'Az 1960-as évek elején Alice és Celine, két legjobb barátnő, egyben szomszéd, idillikus, képes magazinba illő életet él precízen nyírt pázsittal, sikeres férjjel és azonos korú fiúgyermekkel.', NULL, 'https://szalkaimozi.hu/images/ages/3-circle.svg', 1590, '2025-09-03', '17:04', '1 óra 34 perc', 'https://media.themoviedb.org/t/p/w300_and_h450_bestv2/nDL0xDbBemGWwzpzY7ZGX0f0nq6.jpg', 120, 1, '2025-03-01 13:05:21', '2025-04-08 14:19:59', NULL),
(313, 2, 'Köztünk élő angyalok', 2024, 'A filmet egy fodrász hihetetlen igaz története ihlette, aki egymaga összefogott egy egész közösséget, hogy segítsen egy megözvegyült apának megmenteni súlyosan beteg kislánya életét.', NULL, 'https://szalkaimozi.hu/images/ages/3-circle.svg', 1590, '2025-09-04', '20:00', '1 óra 58 perc', 'https://media.themoviedb.org/t/p/w300_and_h450_bestv2/lUTpnwfVV6KTVWEreE6srltMRUR.jpg', 120, 1, '2025-03-01 13:09:49', '2025-04-08 14:10:56', NULL),
(314, 2, 'Lány a hullámok hátán', 2024, 'Rendkívüli igaz történet Trudy Ederléről, az első nőről, aki sikeresen átúszta a La Manche csatornát. Nővére állhatatos támogatásának és edzői segítségének köszönhetően sikerült.', NULL, 'https://szalkaimozi.hu/images/ages/3-circle.svg', 1590, '2025-09-06', '20:00', '2 óra 9 perc', 'https://media.themoviedb.org/t/p/w300_and_h450_bestv2/yNhtCWgJ78UtEKDziRY9CpYhWi5.jpg', 120, 1, '2025-03-01 13:12:01', '2025-04-08 14:14:45', NULL),
(315, 2, 'Szökés Pretóriából', 2020, 'Két fehér Dél-afrikait bebörtönöztek, mert az anti-apartheid párti Afrikai Nemzeti Kongresszus (ANC) dolgozói. Elhatározták, hogy megszöknek a Robben-szigeti fehér.', NULL, 'https://szalkaimozi.hu/images/ages/3-circle.svg', 1590, '2025-09-07', '19:40', '1 óra 42 perc', 'https://media.themoviedb.org/t/p/w300_and_h450_bestv2/oZqONYHhbyUWGAph2rSV0PZjBbF.jpg', 120, 1, '2025-03-01 13:13:48', '2025-04-08 14:11:23', NULL),
(316, 2, 'Bíborszín', 2023, 'Éld át három nő kivételes kapcsolódását, akiket megbonthatatlan kötelék köt össze a Bíborszín történetében. A szeretett klasszikus merész újrafeldolgozását Blitz Bazawule rendezte.', NULL, 'https://szalkaimozi.hu/images/ages/3-circle.svg', 1590, '2025-09-08', '18:20', '2 óra 21 perc', 'https://media.themoviedb.org/t/p/w300_and_h450_bestv2/hRqeN0lZdWssjRInJ33D1h8GtQ7.jpg', 120, 1, '2025-03-01 13:15:46', '2025-04-08 18:24:51', '[[\"szabad\",\"szabad\",\"szabad\",\"szabad\",\"szabad\",\"szabad\",\"szabad\",\"szabad\",\"szabad\",\"szabad\",\"szabad\",\"szabad\",\"szabad\",\"szabad\",\"szabad\"],[\"szabad\",\"szabad\",\"szabad\",\"szabad\",\"szabad\",\"szabad\",\"szabad\",\"szabad\",\"szabad\",\"szabad\",\"szabad\",\"szabad\",\"szabad\",\"szabad\",\"szabad\"],[\"szabad\",\"szabad\",\"szabad\",\"szabad\",\"szabad\",\"szabad\",\"szabad\",\"szabad\",\"szabad\",\"szabad\",\"szabad\",\"szabad\",\"szabad\",\"szabad\",\"szabad\"],[\"szabad\",\"szabad\",\"szabad\",\"szabad\",\"szabad\",\"szabad\",\"szabad\",\"szabad\",\"szabad\",\"szabad\",\"szabad\",\"szabad\",\"szabad\",\"szabad\",\"szabad\"],[\"szabad\",\"szabad\",\"szabad\",\"szabad\",\"szabad\",\"szabad\",\"szabad\",\"szabad\",\"szabad\",\"szabad\",\"szabad\",\"szabad\",\"szabad\",\"szabad\",\"szabad\"],[\"szabad\",\"szabad\",\"szabad\",\"szabad\",\"szabad\",\"szabad\",\"szabad\",\"szabad\",\"szabad\",\"szabad\",\"szabad\",\"szabad\",\"szabad\",\"szabad\",\"szabad\"],[\"szabad\",\"szabad\",\"szabad\",\"szabad\",\"szabad\",\"szabad\",\"szabad\",\"szabad\",\"szabad\",\"szabad\",\"szabad\",\"szabad\",\"szabad\",\"szabad\",\"szabad\"],[\"szabad\",\"szabad\",\"szabad\",\"szabad\",\"szabad\",\"szabad\",\"szabad\",\"szabad\",\"szabad\",\"szabad\",\"szabad\",\"szabad\",\"szabad\",\"szabad\",\"szabad\"]]'),
(317, 2, 'Mária', 2024, 'Egy csodálatos fogantatás. Egy kegyetlen király. Egy gyilkos hajsza. Ez a felnőtté válásról szóló bibliai történet Mária utazását mutatja be, hogy életet adjon Jézusnak.', NULL, 'https://szalkaimozi.hu/images/ages/4-circle.svg', 1590, '2025-09-10', '19:20', '1 óra 50 perc', 'https://media.themoviedb.org/t/p/w300_and_h450_bestv2/7eDk9KMko5ouRcnyraR4m5QByOL.jpg', 120, 1, '2025-03-01 13:17:26', '2025-04-08 14:15:00', NULL),
(318, 2, 'Lánglelkű Katalin', 2024, 'VIII. Henrik király külföldön harcol, így hatodik felesége, Katherine Parr lesz Anglia régense. Katherine saját túléléséért kénytelen küzdeni férje hazatérése után, aki egyre betegebb és paranioásabb zsarnok.', NULL, 'https://szalkaimozi.hu/images/ages/4-circle.svg', 1590, '2025-09-11', '17:40', '2 óra', 'https://media.themoviedb.org/t/p/w300_and_h450_bestv2/kXAc1LaxL64udWr9SOAHQwOBEG0.jpg', 120, 1, '2025-03-01 13:18:55', '2025-04-08 14:20:09', NULL),
(319, 2, 'Egy kutya hazatér', 2019, 'Mit tehet egy kutya, ha messzire kerül otthonról? Vágyakozik a gazdája után. Mit tesz egy olyan különleges, játékos kedvű és makacs négylábú, mint Bella? Elindul.', NULL, 'https://szalkaimozi.hu/images/ages/2-circle.svg', 1590, '2025-09-13', '19:05', '1 óra 36 perc', 'https://media.themoviedb.org/t/p/w300_and_h450_bestv2/gc4pRzxwrlW76SwLwWOXq9XUHaO.jpg', 120, 1, '2025-03-01 13:20:36', '2025-04-08 14:16:44', NULL),
(320, 2, 'Az űrhajós', 2024, 'Egy magányos asztronauta hat hónapja tartó szólóküldetésén szembesül a házasságát feszítő repedésekkel, egy űrhajóján felfedezett titokzatos lény segítségével.', NULL, 'https://szalkaimozi.hu/images/ages/4-circle.svg', 1590, '2025-09-14', '18:30', '1 óra 48 perc', 'https://media.themoviedb.org/t/p/w300_and_h450_bestv2/7R5PiLzPMIIAtaLEZP9j40GYury.jpg', 120, 1, '2025-03-01 13:22:07', '2025-04-08 14:16:58', NULL),
(321, 2, 'A Gucci ház', 2021, 'Igaz történet a Gucci olasz divatház mögött álló családi birodalomról. Amikor Patrizia Reggiani, a szerény körülmények között felnőtt kívülálló beházasodik a Gucci famíliába.', NULL, 'https://szalkaimozi.hu/images/ages/4-circle.svg', 1590, '2025-04-07', '20:12', '2 óra 38 perc', 'https://media.themoviedb.org/t/p/w300_and_h450_bestv2/ei44ixq1EXdI2wVmDo2DWPPLDPe.jpg', 120, 1, '2025-03-01 13:23:29', '2025-04-07 17:40:26', NULL),
(322, 2, 'A briliáns csel', 2021, 'Madrid, Spanyolország, 2010. Miközben az egész város a válogatott sikeres világbajnoki szereplését követi, egy csapat vakmerő tolvaj utat keres a világ egyik legjobban őrzött.', NULL, 'https://szalkaimozi.hu/images/ages/3-circle.svg', 1590, '2025-09-16', '19:00', '1 óra 54 perc', 'https://media.themoviedb.org/t/p/w300_and_h450_bestv2/bAC3Ms3yQiCZUy9EQmq8r3ijD4p.jpg', 120, 1, '2025-03-01 13:25:18', '2025-04-08 14:17:04', NULL),
(323, 2, 'Rémálmok sikátora', 2021, 'Az utazócirkusznál dolgozó Stanton Carlisle becsvágyó férfi, aki néhány jól megválasztott szóval tehetségesen manipulálja az embereket. Találkozik egy pszichiáternővel.', NULL, 'https://szalkaimozi.hu/images/ages/4-circle.svg', 1590, '2025-09-17', '17:50', '2 óra 30 perc', 'https://media.themoviedb.org/t/p/w300_and_h450_bestv2/gSD2Kcbv7qtFwZVAz9SeUx5LwXH.jpg', 120, 1, '2025-03-01 13:26:44', '2025-04-08 14:20:12', NULL),
(324, 2, 'Menedék', 2023, 'Amikor a domina Rebecca gazdag, régi kliense, Hal megörökli a családi vállalkozást, és megpróbál véget vetni titkos kapcsolatuknak, az akaratok katasztrofális harca veszi kezdetét.', NULL, 'https://szalkaimozi.hu/images/ages/3-circle.svg', 1590, '2025-09-17', '21:00', '1 óra 36 perc', 'https://media.themoviedb.org/t/p/w300_and_h450_bestv2/yGQAZupyZgT2ESbBSMZ9R0OBToo.jpg', 120, 1, '2025-03-01 13:27:54', '2025-04-08 14:20:55', NULL),
(325, 2, 'Halálos rituálé', 2023, 'Mississipi-ben feltűnik egy sorozatgyilkos, aki korábban Európa-szerte szedte áldozatait. A helyi detektív, Lucas Boyd rögtön ráveti magát az ügyre, azonban a furcsa.', NULL, 'https://szalkaimozi.hu/images/ages/3-circle.svg', 1590, '2025-09-18', '19:20', '1 óra 32 perc', 'https://media.themoviedb.org/t/p/w300_and_h450_bestv2/iActv91t5KZSbMfPTxec5TWNZGD.jpg', 120, 1, '2025-03-01 13:29:15', '2025-04-08 14:09:15', NULL),
(326, 2, 'Monte Cristo grófja', 2024, 'Edmond Dantès fiatal tengerészt hamisan vádolnak árulással, majd tárgyalás nélkül bebörtönöznek If várába, egy Marseille melletti zord szigeterődítménybe.', NULL, 'https://szalkaimozi.hu/images/ages/3-circle.svg', 1590, '2025-09-20', '18:10', '2 óra 58 perc', 'https://media.themoviedb.org/t/p/w300_and_h450_bestv2/k17p2TOGTXsfg8U0Yh3iUBM75HE.jpg', 120, 1, '2025-03-01 13:34:22', '2025-04-08 14:21:52', NULL),
(327, 2, 'Rita', 2024, 'Rita, aki egyedül találja magát, amikor Ariel férje külföldön dolgozik. Mindketten megnyugvást és szexuális kielégülést találnak másokban. Amikor Ariel visszatér, mindketten úgy tesznek, mintha mi sem történt volna.', NULL, 'https://szalkaimozi.hu/images/ages/3-circle.svg', 1590, '2025-09-21', '18:10', '1 óra 53 perc', 'https://media.themoviedb.org/t/p/w300_and_h450_bestv2/pXENxAzOBrTSDJGxDcUnlNTNmWr.jpg', 120, 1, '2025-03-01 13:36:09', '2025-04-08 14:17:20', NULL),
(328, 2, 'Bad Influence', 2025, 'Egy szegény fiú és egy elkényeztetett gazdag lány a múlt titkait próbálják feltárni, hogy megmentsék románcukat és bőrüket.', NULL, 'https://szalkaimozi.hu/images/ages/3-circle.svg', 1590, '2025-09-29', '18:00', '1 óra 42 perc', 'https://media.themoviedb.org/t/p/w300_and_h450_bestv2/8xBKZpQpWx8MbbTZm0jLgV4sXil.jpg', 120, 1, '2025-03-01 13:37:38', '2025-04-08 14:17:26', NULL);

-- --------------------------------------------------------

--
-- Tábla szerkezet ehhez a táblához `regi_kosar`
--

CREATE TABLE `regi_kosar` (
  `id` bigint(20) UNSIGNED NOT NULL,
  `user_id` bigint(20) UNSIGNED NOT NULL,
  `filmnev` varchar(255) NOT NULL,
  `jegyar` decimal(10,2) NOT NULL,
  `darabszam` int(11) NOT NULL DEFAULT 1,
  `created_at` timestamp NULL DEFAULT NULL,
  `updated_at` timestamp NULL DEFAULT NULL,
  `movie_id` bigint(20) UNSIGNED NOT NULL,
  `filmkep` varchar(255) DEFAULT NULL,
  `snack_id` bigint(20) UNSIGNED DEFAULT NULL,
  `snacknev` varchar(255) DEFAULT NULL,
  `snackar` decimal(8,2) DEFAULT NULL,
  `snackkep` varchar(255) DEFAULT NULL
) ENGINE=InnoDB DEFAULT CHARSET=utf8 COLLATE=utf8_hungarian_ci;

--
-- A tábla adatainak kiíratása `regi_kosar`
--

INSERT INTO `regi_kosar` (`id`, `user_id`, `filmnev`, `jegyar`, `darabszam`, `created_at`, `updated_at`, `movie_id`, `filmkep`, `snack_id`, `snacknev`, `snackar`, `snackkep`) VALUES
(168, 1, 'Őrült skandináv szerelem', 1590.00, 87, '2025-03-01 10:48:06', '2025-03-01 10:48:06', 261, 'https://www.themoviedb.org/t/p/w600_and_h900_bestv2/e2yAyz0PR43aIxnGjv9HJryHBys.jpg', NULL, NULL, NULL, NULL),
(169, 1, 'Egyre közelebb', 1590.00, 141, '2025-03-01 10:48:09', '2025-03-01 10:48:09', 264, 'https://media.themoviedb.org/t/p/w300_and_h450_bestv2/kSnitPhsNWPjesGo05uohks4j1t.jpg', NULL, NULL, NULL, NULL);

-- --------------------------------------------------------

--
-- Tábla szerkezet ehhez a táblához `sessions`
--

CREATE TABLE `sessions` (
  `id` varchar(255) NOT NULL,
  `user_id` bigint(20) UNSIGNED DEFAULT NULL,
  `ip_address` varchar(45) DEFAULT NULL,
  `user_agent` text DEFAULT NULL,
  `payload` longtext NOT NULL,
  `last_activity` int(11) NOT NULL
) ENGINE=InnoDB DEFAULT CHARSET=utf8mb4 COLLATE=utf8mb4_unicode_ci;

-- --------------------------------------------------------

--
-- Tábla szerkezet ehhez a táblához `snacks`
--

CREATE TABLE `snacks` (
  `id` bigint(20) UNSIGNED NOT NULL,
  `nev` varchar(255) NOT NULL,
  `darabszam` int(11) NOT NULL DEFAULT 1,
  `category_id` bigint(20) UNSIGNED NOT NULL,
  `ar` decimal(8,0) NOT NULL,
  `kep` varchar(255) NOT NULL,
  `created_at` timestamp NULL DEFAULT NULL,
  `updated_at` timestamp NULL DEFAULT NULL
) ENGINE=InnoDB DEFAULT CHARSET=utf8 COLLATE=utf8_hungarian_ci;

--
-- A tábla adatainak kiíratása `snacks`
--

INSERT INTO `snacks` (`id`, `nev`, `darabszam`, `category_id`, `ar`, `kep`, `created_at`, `updated_at`) VALUES
(7, 'Popcorn 1,5 L', 101, 1, 1000, 'https://i.imgur.com/yuaky2A.png', '2025-03-03 08:44:53', '2025-04-08 18:13:57'),
(8, 'Popcorn 2,3 L', 92, 1, 1490, 'https://i.imgur.com/yuaky2A.png', '2025-03-03 08:45:54', '2025-04-08 18:13:57'),
(9, 'Popcorn 4,8 L', 40, 1, 2490, 'https://i.imgur.com/yuaky2A.png', '2025-03-03 08:46:31', '2025-04-08 17:10:28'),
(10, 'Sprite 0,33 L', 144, 2, 490, 'https://pngimg.com/d/sprite_PNG98768.png', '2025-03-03 08:53:10', '2025-03-24 08:50:13'),
(11, 'Sprite 0,5 L', 104, 2, 690, 'https://i.imgur.com/iMx9mBy.png', '2025-03-03 08:54:23', '2025-04-02 05:52:39'),
(12, 'Sprite 1 L', 104, 2, 990, 'https://i.imgur.com/Hzni2ya.png', '2025-03-03 08:55:19', '2025-03-19 14:47:11'),
(14, 'Pepsi 0,33 L', 166, 2, 590, 'https://i0.wp.com/taksonyban.hu/wp-content/uploads/products/5/9/9/7/2/6/4/1/0/4/0/9/2.webp?fit=800%2C800&ssl=1', '2025-03-04 08:25:05', '2025-03-18 15:16:56'),
(15, 'Pepsi 0,5 L', 168, 2, 790, 'https://ecofamily.hu/media/mf_webp/png/media/catalog/product/5/9/5997264103835_sti1.webp', '2025-03-04 08:27:02', '2025-03-18 15:16:56'),
(16, 'Pepsi 1 L', 186, 2, 1090, 'https://www.freeiconspng.com/uploads/pepsi-1ltr-bottle-png-19.png', '2025-03-04 08:28:33', '2025-03-24 06:56:15'),
(17, 'Coca Cola 0,33 L', 200, 2, 559, 'https://static.groby.hu/media/29b/b78/conv/2298-full.png', '2025-03-04 10:29:21', '2025-04-01 07:01:16'),
(18, 'Coca Cola 0,5 L', 178, 2, 799, 'https://telegrill.hu/image/cache/catalog/termekek/uditok/coca_normal-0_5L-550x550.png', '2025-03-04 10:31:01', '2025-03-20 11:12:56'),
(19, 'Coca Cola 1 L', 170, 2, 1199, 'https://ecofamily.hu/media/mf_webp/png/media/catalog/product/5/9/5993330000022_sti1_1.webp', '2025-03-04 10:32:40', '2025-03-24 19:42:31'),
(20, 'Pepsi Zero 0,33 L', 228, 2, 490, 'https://sawepecomcdn.blob.core.windows.net/kfc-web-ordering/KFC_HUN/14_Italok/440x440/kfc_dsr_pepsi_zero_sugar_033_can_440x440-min.png', '2025-03-04 10:35:19', '2025-03-24 06:56:15'),
(21, 'Pepsi Zero 0,5 L', 208, 2, 799, 'https://ecofamily.hu/media/mf_webp/png/media/catalog/product/5/9/5997264103316_sti1.webp', '2025-03-04 10:46:49', '2025-03-24 19:42:31'),
(22, 'Pepsi 1 L', 170, 2, 1190, 'https://sawepecomcdn.blob.core.windows.net/kfc-web-ordering/KFC_HUN/14_Italok/440x440/kfc_dsr_pepsi_zero_sugar_1l_440x440.png', '2025-03-04 10:47:56', '2025-03-24 19:42:31'),
(23, 'Coca Cola 0,33 L', 174, 2, 599, 'https://static.groby.hu/media/29b/b78/conv/2298-full.png', '2025-03-04 10:48:36', '2025-03-26 14:04:57'),
(24, 'Coca Cola 0,5 L', 242, 2, 990, 'https://balintifalo.hu/wp-content/uploads/2021/01/coca-cola-zero.png', '2025-03-04 11:15:31', '2025-03-24 19:42:31'),
(25, 'Ketchup ', 76, 3, 179, 'https://i.imgur.com/CKJdfOy.png', '2025-03-04 11:17:30', '2025-03-22 15:57:42'),
(26, 'Sajt szósz', 134, 3, 220, 'https://i.imgur.com/2dPkjVb.png', '2025-03-04 11:18:44', '2025-03-20 11:12:56'),
(27, 'Salsa szósz', 112, 3, 250, 'https://png.pngtree.com/png-vector/20241012/ourmid/pngtree-bowl-of-tortilla-chips-with-salsa-dip-png-image_14042112.png', '2025-03-04 11:24:41', '2025-03-20 11:12:56'),
(28, 'Coca Cola Zero 1 L', 206, 2, 1590, 'https://i0.wp.com/vespapizza.hu/wp-content/uploads/2023/04/6582.png', '2025-03-04 11:25:10', '2025-03-24 19:42:31'),
(30, 'Nachos kicsi', 110, 4, 550, 'https://i.imgur.com/ofbXz9U.png', '2025-03-04 11:34:13', '2025-03-20 11:12:56'),
(31, 'Nachos közepes', 132, 4, 850, 'https://i.imgur.com/ofbXz9U.png', '2025-03-04 11:38:04', '2025-03-20 11:12:56'),
(32, 'Nachos nagy', 170, 4, 1150, 'https://i.imgur.com/ofbXz9U.png', '2025-03-04 11:38:18', '2025-03-20 11:12:56'),
(33, '2 db Pepsi Nachos/Kechup', 42, 6, 2990, 'https://www.cinemacity.hu/static/dam/jcr:4b783b30-0499-46fe-9e2f-93142100954b', '2025-03-04 11:40:27', '2025-03-24 19:44:44'),
(34, 'Pepsi Nachos/Sajtszósz', 74, 6, 2590, 'https://www.cinemacity.hu/static/dam/jcr:bc107c16-4876-4cac-b49e-fe71685552f4', '2025-03-04 11:42:10', '2025-03-22 15:18:59'),
(35, '2 db Pepsi/Popcorn', 72, 6, 2590, 'https://www.cinemacity.hu/static/dam/jcr:89dbc963-062a-4d99-b367-ff8452c66733', '2025-03-04 11:45:14', '2025-03-25 15:42:26'),
(36, 'Coca Cola/Popcorn', 52, 6, 2290, 'https://www.magiquestpf.com/wp-content/uploads/popcorn-coke.png', '2025-03-04 11:47:59', '2025-04-01 07:01:16'),
(37, 'Szentkirályi Víz 1,5 L', 266, 2, 399, 'https://www.szentkiralyi.hu/wp-content/uploads/2021/06/1e5liter_.png', '2025-03-04 12:45:23', '2025-03-24 19:42:31'),
(38, 'Tejfölös-fokhagymás szósz', 108, 3, 250, 'https://i.imgur.com/f8gWGyT.png', '2025-03-26 11:34:02', '2025-03-26 11:34:02'),
(39, 'Coca-Cola Cherry Coke 0,33L', 456, 2, 359, 'https://static.groby.hu/media/a0f/577/conv/Cherry%281%29%281%29%281%29-full.png', '2025-03-26 14:05:47', '2025-03-26 14:06:42');

-- --------------------------------------------------------

--
-- Tábla szerkezet ehhez a táblához `snack_categories`
--

CREATE TABLE `snack_categories` (
  `id` bigint(20) UNSIGNED NOT NULL,
  `nev` varchar(255) NOT NULL,
  `kep` varchar(255) NOT NULL,
  `color` text DEFAULT NULL,
  `created_at` timestamp NULL DEFAULT NULL,
  `updated_at` timestamp NULL DEFAULT NULL
) ENGINE=InnoDB DEFAULT CHARSET=utf8 COLLATE=utf8_hungarian_ci;

--
-- A tábla adatainak kiíratása `snack_categories`
--

INSERT INTO `snack_categories` (`id`, `nev`, `kep`, `color`, `created_at`, `updated_at`) VALUES
(1, 'Popcorn', 'https://i.imgur.com/ONyCDX6.png', 'primary', NULL, NULL),
(2, 'Üdítő', 'https://i.imgur.com/qkKhTFr.png', 'info', NULL, NULL),
(3, 'Szószok', 'https://static.vecteezy.com/system/resources/thumbnails/044/813/391/small/bowl-with-sauce-isolated-on-transparent-background-png.png', 'secondary', NULL, NULL),
(4, 'Nachos', 'https://i.imgur.com/4ofwj8x.png', 'success', NULL, NULL),
(6, 'Menük', 'https://i.imgur.com/bYYyCLr.png', 'danger', NULL, NULL);

-- --------------------------------------------------------

--
-- Tábla szerkezet ehhez a táblához `users`
--

CREATE TABLE `users` (
  `id` bigint(20) UNSIGNED NOT NULL,
  `vezeteknev` varchar(255) NOT NULL,
  `keresztnev` varchar(255) NOT NULL,
  `felhasznalonev` varchar(255) NOT NULL,
  `email` varchar(255) NOT NULL,
  `profilkep` text DEFAULT NULL,
  `password` varchar(255) NOT NULL,
  `admin` tinyint(1) NOT NULL DEFAULT 0,
  `created_at` timestamp NULL DEFAULT NULL,
  `updated_at` timestamp NULL DEFAULT NULL,
  `total_spent` decimal(8,0) NOT NULL DEFAULT 0,
  `tickets_purchased` int(11) NOT NULL DEFAULT 0
) ENGINE=InnoDB DEFAULT CHARSET=utf8mb4 COLLATE=utf8mb4_unicode_ci;

--
-- A tábla adatainak kiíratása `users`
--

INSERT INTO `users` (`id`, `vezeteknev`, `keresztnev`, `felhasznalonev`, `email`, `profilkep`, `password`, `admin`, `created_at`, `updated_at`, `total_spent`, `tickets_purchased`) VALUES
(1, 'Bojti', 'Patrik', 'Yarukii', 'bojtipatrik01@gmail.com', '', '$argon2id$v=19$m=65536,t=4,p=1$aTZOYkI4Q04yWWI5bmk1UA$BQuVCEtLSGaCgP4AvrS+jZQxjxhcSZeA+2cEV0qfGw4', 1, '2023-01-03 16:56:06', '2025-04-09 18:43:31', 2441352, 613),
(6, 'Elliott Nolan', 'Lisette Pacocha DDS', 'emmie20', 'hintz.hope@example.org', '', '$argon2id$v=19$m=65536,t=4,p=1$RzZYaVRYcTdNYlROR09FUw$mnQqhFhMjpDDULkfOwjvD2eoBgm+kwZNKAT6gA6Z+nI', 1, '2025-02-03 17:02:01', '2025-04-10 15:51:19', 0, 0),
(18, 'Mr. Efren Kutch', 'Rashad Stoltenberg', 'raphaelle.cartwright', 'ikris@example.net', '', '$argon2id$v=19$m=65536,t=4,p=1$Uzh2ZkE3NXZUM1N2OVQyLg$EC8DlNc/6tdW6mQEsrRIHFpRsNivRDw8BsNKVuWiH1k', 0, '2025-02-03 17:02:01', '2025-04-10 15:51:36', 0, 0),
(19, 'Dr. Kay Windler DVM', 'Cayla Mann', 'senger.dale', 'hbeier@example.com', '', '$argon2id$v=19$m=65536,t=4,p=1$dFFUTVEvdHZHTmpLcjhtdA$01zJcjRQJHdECnDthwk8cdMIBn+tqb12UxrgZHq+Jeg', 1, '2025-02-03 17:02:01', '2025-04-10 15:41:55', 0, 0),
(20, 'Shyann Gleichner', 'Prof. Shawn Hauck', 'augustine.sporer', 'bechtelar.alford@example.com', '', '$argon2id$v=19$m=65536,t=4,p=1$TDFpQlFYTjJuOWZnR1ZXTg$xx/jr1pnZ8fWCZBJoPOHnjV5RUf+8FGpVGDOTVMQ2OY', 0, '2025-02-03 17:02:01', '2025-04-10 15:46:48', 0, 0),
(21, 'Meta Bogan', 'Lora Hintz', 'lkemmer', 'keely.zemlak@example.org', '', '$argon2id$v=19$m=65536,t=4,p=1$RG52Nk40UXhvY0tFZHBZLw$8seXKTnX6O0Od1lmq/ZukNvfZt733Eyw1d/ZVCoqLMY', 1, '2025-02-03 17:02:01', '2025-04-10 15:47:54', 0, 0),
(22, 'Dr. Abner Bednar III', 'Glen Hayes', 'uortiz', 'nlakin@example.org', '', '$argon2id$v=19$m=65536,t=4,p=1$Z212WkRLdjA1UkhVci9kQw$MZC1WmKjoN9Gl/uSMAaO0NOD1Hl60xkhVYFAY2kv5D4', 1, '2025-02-03 17:02:01', '2025-04-10 15:47:50', 0, 0),
(23, 'Linwood Schroeder', 'Orin Thiel', 'columbus.effertz', 'ritchie.arlie@example.org', '', '$argon2id$v=19$m=65536,t=4,p=1$bjB2UzIyUXJGQmpJSmJ3OA$fr0ukSvSnBu49Xufqch8aBW6ua9z0+rUYE5FqrkAiYY', 0, '2025-02-03 17:02:01', '2025-04-10 15:47:01', 0, 0),
(24, 'Marcelino Corwin DDS', 'Ulices Ritchie', 'sstiedemann', 'waylon.legros@example.com', '', '$argon2id$v=19$m=65536,t=4,p=1$TWJiaEpLUlE3VGlTZENNeA$RHq6o82Qi1SfUvM1VBaiEsupPz8mngfkT5w+zvB9qHE', 1, '2025-02-03 17:02:01', '2025-04-10 15:46:51', 0, 0),
(28, 'Dr. Sonia Nolan', 'Riley Schmeler DVM', 'imelda.ledner', 'edgar49@example.net', '', '$argon2id$v=19$m=65536,t=4,p=1$UC40SHd0LkFoU1o5MXZmNw$voWVaAdP1vAlGYggLkNjxsYCr///HeArk6OnZPCVApM', 0, '2025-01-27 23:00:00', '2025-02-03 17:02:52', 0, 0),
(29, 'Prof. Evert Treutel', 'Thurman Bauch', 'ashly.morissette', 'kbeier@example.net', '', '$argon2id$v=19$m=65536,t=4,p=1$YlU2TWd5eEc3OEM1Z0hFaA$uPT92K85EbjhqWjqcvz23YuYSRCrAbB3g6ToNVvVHcA', 1, '2025-01-27 23:00:00', '2025-02-03 17:02:52', 0, 0),
(30, 'Mr. Tremayne O\'Conner I', 'Amelia Bernhard', 'eichmann.cathryn', 'xdamore@example.net', '', '$argon2id$v=19$m=65536,t=4,p=1$TGpzVkJ3cEo2WThhYzBQLg$BYq4nppLE56hZUpmVw3DbXDpO5pp6qBfGCp7TTGYDIg', 1, '2025-01-27 23:00:00', '2025-04-10 15:48:21', 0, 0),
(31, 'Mrs. Michaela O\'Connell', 'Stephany Maggio', 'meaghan.schoen', 'shyann18@example.net', '', '$argon2id$v=19$m=65536,t=4,p=1$QnNqMkUuaHhVUk9XSTFrNA$H38vTFwxrDty13gpwysZW6FkxTRhn50JvFuwgE+mMA0', 0, '2025-01-27 23:00:00', '2025-02-03 17:02:52', 0, 0),
(32, 'Mr. Clifton Feeney', 'Miss Kiana Ritchie', 'frida.marvin', 'raynor.jaclyn@example.net', '', '$argon2id$v=19$m=65536,t=4,p=1$WmZ5Q3ZWQkFwcVhrUTExbg$ijrhwEte96s9TtLyMGHyj6VVM8pR+GGey0ODzu34g0s', 0, '2025-01-27 23:00:00', '2025-02-03 17:02:52', 0, 0),
(33, 'Harold Hirthe Sr.', 'Ms. Sunny Mueller', 'carroll.anibal', 'marianne.welch@example.com', '', '$argon2id$v=19$m=65536,t=4,p=1$V2dlSzNOUFdDQWt5VGsyaQ$zv3k0FvcyeOZf3vQpyh5M0Muxbpk/KeL33RvbLLlaek', 0, '2025-01-27 23:00:00', '2025-04-10 15:48:00', 0, 0),
(34, 'Zackery Boehm', 'Mr. Kenny Littel', 'smitham.max', 'smayert@example.org', '', '$argon2id$v=19$m=65536,t=4,p=1$TzczUlhwVks4MDFOQzc3QQ$ItK0EmYSoAHkC/RC/nf71B1dQrj18IJQ+laJOCFqVW4', 0, '2025-01-27 23:00:00', '2025-02-03 17:02:52', 0, 0),
(35, 'Constance O\'Reilly', 'Domenick Lang MD', 'oschroeder', 'mckenna.reichert@example.org', '', '$argon2id$v=19$m=65536,t=4,p=1$NDdSaFFhcTdyV2JLMTkuYw$AeVzKR93PP2ym2F80LMytUWdspham/BwhOOXzSxKKt0', 0, '2025-01-27 23:00:00', '2025-02-03 17:02:52', 0, 0),
(36, 'Nona Feest', 'Prof. Mariano Barrows DVM', 'hettinger.tomas', 'betty.jast@example.com', '', '$argon2id$v=19$m=65536,t=4,p=1$a0F0eHd6QjZHYnhrVUdlLg$GUsrjCdmYuLOXfgFq4VRJRiA0IPScESVVcOZMX7vF4I', 0, '2025-01-27 23:00:00', '2025-02-03 17:02:52', 0, 0),
(37, 'Dino Olson', 'Brett Morissette', 'gkuhic', 'jerde.meggie@example.org', '', '$argon2id$v=19$m=65536,t=4,p=1$Y3hqUDMuZWFNYlFiUVA1Ug$MNk6oFb9wWdUFLkVG1ZbYk2WATzQIryWu0WeqKEt9m4', 0, '2025-01-27 23:00:00', '2025-02-03 17:02:52', 0, 0),
(38, 'Rosalee Bayer PhD', 'Katharina Muller V', 'leland.oconnell', 'marvin13@example.net', '', '$argon2id$v=19$m=65536,t=4,p=1$QThCY0JEdWJBaWxnbHlRYQ$UiBCtZwuuGGcmR8IrEEkVsXMb8Z1I7s1ohkELiQWvFs', 1, '2025-01-27 23:00:00', '2025-02-03 17:02:52', 0, 0),
(54, 'Kiskocka', 'Ferkocska', 'feribaba123', 'raczferenc@chromecinema.hu', '', '$argon2id$v=19$m=65536,t=4,p=1$bktTdWFEMEdkLmxsendHUA$gOazF9eNNkTVwlCLJ+oSoWL9bMd4SMg63I/ChqEzF98', 1, '2025-02-11 07:05:52', '2025-04-10 15:40:22', 190200, 43),
(55, 'Molnár', 'Máté', 'mateqh', 'mate.molnar321@gmail.com', '', '$argon2id$v=19$m=65536,t=4,p=1$cmczL3ouVkc0cnFxaG1CdQ$iFYe1wiiBmGzPXGo3nY2yNZW95bAg/DNcZ/65S/lyhY', 1, '2025-02-21 16:24:19', '2025-04-10 15:45:14', 4180, 2),
(56, 'teszt', 'teszt', 'tesztfiok', 'teszt@gmail.com', '', '$argon2id$v=19$m=65536,t=4,p=1$S3JpOTQzMjRTemRvY2RoZw$Fq1ohklgBN9nKv43tcEwzHTQFz2P3z2Qh7sdPjBZXCU', 1, '2025-02-27 07:59:35', '2025-04-10 15:44:52', 0, 0),
(57, 'Kazuma', 'Kiryu', 'kiryu111', 'pappgy66696@gmail.com', '', '$argon2id$v=19$m=65536,t=4,p=1$M3RDMVNka3hVVldXbHlyMQ$SdZ/Utzc3GXmK2Xv49R8ZLhoaTUXbkTTuTE03UUHl04', 1, '2025-03-01 15:51:38', '2025-04-10 15:43:28', 0, 0),
(58, 'Du', 'Ci', 'Duci', 'mikloviciu2@gmail.com', '', '$argon2id$v=19$m=65536,t=4,p=1$YzZxeURHaEtXT2xFRmxicg$iDTSkL+DgTH+x+KYueKakO2Q679va/y5QkhezOzrLZI', 0, '2025-03-01 18:27:07', '2025-03-01 18:27:07', 0, 0),
(59, 'Zsom', 'Borxd', 'zsomborr', 'nagyzsomborrr@gmail.com', '', '$argon2id$v=19$m=65536,t=4,p=1$YWhxVTI0dk1pMmhMcVA5Rg$LgLHZNss6/Cxy6P0P8d/ZSZSXX2YOnSfUuYwdsFAhTE', 1, '2025-03-05 18:23:33', '2025-04-10 15:44:56', 7630, 2),
(60, 'Heló', 'Szia', 'Valencia', 'pumpkininfo@proton.me', '', '$argon2id$v=19$m=65536,t=4,p=1$MFNacTVtbGFpdHpvek9FUA$O6W2h5pgjQDADs4BGFs11lffEH8NQlVFXE1KAxmx25k', 0, '2025-03-07 10:38:52', '2025-04-10 15:51:43', 0, 0),
(61, 'szeles', 'xd', 'szeles', 'szelesxdd@gmail.com', '', '$argon2id$v=19$m=65536,t=4,p=1$V2NuQ2VaOVlWN1hpZ21yUw$6tjGPKTjoA8cyqzcj5MbrC1y+Hy86apK7Vv+QQq8S2k', 0, '2025-03-12 10:35:36', '2025-03-12 10:35:36', 0, 0),
(62, 'rohadék', 'geci', 'rohadek', 'rohadek@gmail.com', '', '$argon2id$v=19$m=65536,t=4,p=1$SWFmUWVlZ0pKNXIxdndCZw$Y+vK1oTuCv+uYXYCkuN25bQtyxIJTs8cNXf5WVM38Ho', 0, '2025-03-16 07:56:36', '2025-03-16 07:56:36', 0, 0),
(63, 'rohadék', 'geci', 'rohadek2', 'rohadek3@gmail.com', '', '$argon2id$v=19$m=65536,t=4,p=1$L3M4Vm1CRFNCNUlvQy5TQg$Bxm48VCaJiY0zylSj13EAO0aNLy/YdhIrPJhcBngafQ', 0, '2025-03-16 07:57:02', '2025-03-16 07:57:02', 0, 0),
(64, 'rohadék2', 'geci', 'rohadek23', 'rohadek33@gmail.com', '', '$argon2id$v=19$m=65536,t=4,p=1$bFIwemxML3kuRHA1NFRMTw$Kp49FXlptefOXA+ldECaPvh8CK4uxFja9HYXwBP87EI', 0, '2025-03-16 07:58:32', '2025-03-16 08:25:26', 38590, 5),
(65, 'asd', 'asd', 'asd', 'asdads@gmail.com', NULL, '$argon2id$v=19$m=65536,t=4,p=1$L2hpSnJsaVdDZXBjbC9iLw$oVblunNQTFsek47Tn1rMommyVE93Nb5GC9frajAeCys', 0, '2025-03-16 20:03:32', '2025-03-16 20:03:32', 0, 0),
(66, 'asdasd', 'asdasd', 'asd12132', 'gergo@gmail.com', NULL, '$argon2id$v=19$m=65536,t=4,p=1$RkUzSW1wempjNzhxcnpWcQ$QaPbGjAhbL6DpxQhmT7/kGNCYP5mdhfAI3Ry8dmRrkg', 0, '2025-03-16 20:04:32', '2025-03-17 13:40:59', 31530, 12),
(67, 'nem', 'nem', 'nemnem', 'nem@nem.nem', NULL, '$argon2id$v=19$m=65536,t=4,p=1$VE55d3NZODVDTXN5VFFpVA$qoDZPEKHCgxlfIsMi+phoySCRDDVjj6miIP+h/fPafQ', 0, '2025-03-16 20:04:48', '2025-04-07 18:16:30', 217540, 50),
(68, 'asd', 'asd', 'ciganyketto', 'ciganyketto@warlus.asso.st', NULL, '$argon2id$v=19$m=65536,t=4,p=1$ZERVTlpGQ1VrLnVHNnlvMA$YpQ5/jetEeoLMwgKf5iy8OYRgiBAHOWlW5bStPtLXH8', 0, '2025-03-17 18:10:30', '2025-03-17 18:10:30', 0, 0),
(69, 'Nagyfaszu', 'Bojti', 'nagyfaszubojti', 'bovayod495@excederm.com', NULL, '$argon2id$v=19$m=65536,t=4,p=1$aEZObEljM0trL2s1VEFhbA$yLxh6w+y8xAg/G1UKFvRkisThAJ0iyz82jMsQdt1w/I', 0, '2025-03-17 18:17:00', '2025-03-17 18:17:00', 0, 0),
(70, 'vyx', 'yxc', 'yxcyxc', 'afsadz@asdas.com', NULL, '$argon2id$v=19$m=65536,t=4,p=1$NU9nYVh4eU1PWGZpamhpNw$dfHJfqWphoIaT1oNyBy50/4d5x/MZJMFWnHohpnn3Ug', 0, '2025-03-17 18:20:23', '2025-03-17 18:20:23', 0, 0),
(74, 'Bojti', 'Patrik', 'Yaresz', '10anemettankonyv@gmail.com', NULL, '$argon2id$v=19$m=65536,t=4,p=1$c2FrdjJoTW1McWVhUlBGYQ$4SXr+MZnCtQF1HRmoAT0RKKk397v9vEKmP/Jegqzgyo', 0, '2023-03-01 14:31:38', '2025-03-18 15:20:42', 384733, 177),
(77, 'asda', 'dasdasdasd', 'asdasdfsgdsfgdfgdfg', 'withoutpeach@gmail.com', NULL, '$argon2id$v=19$m=65536,t=4,p=1$YjFXd3FEMkJkYlJEY3ROQQ$DDWX+NMTWanFxwQ8CJHYxanzQ1q66eJbnO3r6fV+XF0', 0, '2025-03-18 16:29:26', '2025-03-18 16:29:26', 0, 0),
(78, 'Nagy', 'Zsé', 'Nigga420', 'nagyzsomborrrrr@gmail.com', NULL, '$argon2id$v=19$m=65536,t=4,p=1$Vm93T1oveE00ajRac0hOSg$f58BF27CX+dqIb9/4l+0WLsW2yxqQQyHDLwgNqc/pu8', 0, '2025-03-18 16:34:58', '2025-03-18 16:37:23', 31320, 9),
(79, 'asdasd', 'asdasda', 'ds5443543435', 'ahncastaldo@gmail.com', NULL, '$argon2id$v=19$m=65536,t=4,p=1$bXhuQ1NybDFheVFPdy9FUg$ViDgptAgU2kaUpt85+nlLZVRcRfHt9n+wL1nDJeKHJw', 0, '2025-03-18 16:42:39', '2025-03-18 16:42:39', 0, 0),
(83, 'sdfsdf', 'dsfdsf', 'fdsdfssdfdfs', 'sdfos@gmail.com', NULL, '$argon2id$v=19$m=65536,t=4,p=1$bFFjd1lMbEZmcFlrbHNsTw$6cfhWtoJuEla3v2o46x+V4t9hSJ+98hmnw+bkHDrdKI', 0, '2025-03-22 11:55:05', '2025-03-22 11:55:05', 0, 0),
(85, 'Juventus', 'wadawd', 'awdawdawd', 'test1@gmail.com', NULL, '$argon2id$v=19$m=65536,t=4,p=1$SURqNVNSdWE3V2JiL3JDag$H4ZKFx9qj6QKjvjTFMUMdvVmGEM+dVlheDeuUYKH+dM', 0, '2025-04-08 17:00:26', '2025-04-08 17:01:02', 3180, 1),
(86, 'Gepesz', 'Teszt', 'Gepesztest', 'gepesztest@gmail.com', NULL, '$argon2id$v=19$m=65536,t=4,p=1$VEYyR0RDdEUyUGNYZ01GTw$jiNRo8AACDkW8wmcGVUiWo0UWItClj1jQgfGv2kmc5U', 0, '2025-04-10 09:11:46', '2025-04-10 09:11:46', 0, 0),
(87, 'proba', 'cseresznye', 'probacseresznye', 'asd@gmail.com', NULL, '$argon2id$v=19$m=65536,t=4,p=1$dDVRVzFsWmhKczJnbWFIUw$gqxIBxFOPobKR8mf4ojSlUAmu4NSil4v2rkZ4bmzmVM', 1, '2025-04-10 13:07:20', '2025-04-10 13:07:20', 0, 0);

--
-- Indexek a kiírt táblákhoz
--

--
-- A tábla indexei `announcements`
--
ALTER TABLE `announcements`
  ADD PRIMARY KEY (`id`);

--
-- A tábla indexei `announcement_reads`
--
ALTER TABLE `announcement_reads`
  ADD PRIMARY KEY (`id`),
  ADD UNIQUE KEY `announcement_reads_user_id_announcement_id_unique` (`user_id`,`announcement_id`),
  ADD KEY `announcement_reads_announcement_id_foreign` (`announcement_id`);

--
-- A tábla indexei `cart`
--
ALTER TABLE `cart`
  ADD PRIMARY KEY (`id`),
  ADD KEY `cart_user_id_foreign` (`user_id`),
  ADD KEY `cart_movie_id_foreign` (`movie_id`),
  ADD KEY `cart_snack_id_foreign` (`snack_id`);

--
-- A tábla indexei `category`
--
ALTER TABLE `category`
  ADD PRIMARY KEY (`id`),
  ADD UNIQUE KEY `category_uuid_unique` (`uuid`);

--
-- A tábla indexei `logs`
--
ALTER TABLE `logs`
  ADD PRIMARY KEY (`id`),
  ADD KEY `logs_user_id_foreign` (`user_id`);

--
-- A tábla indexei `migrations`
--
ALTER TABLE `migrations`
  ADD PRIMARY KEY (`id`);

--
-- A tábla indexei `movies`
--
ALTER TABLE `movies`
  ADD PRIMARY KEY (`id`),
  ADD KEY `movies_category_id_foreign` (`category_id`);

--
-- A tábla indexei `regi_kosar`
--
ALTER TABLE `regi_kosar`
  ADD PRIMARY KEY (`id`),
  ADD KEY `carts_user_id_foreign` (`user_id`);

--
-- A tábla indexei `sessions`
--
ALTER TABLE `sessions`
  ADD PRIMARY KEY (`id`),
  ADD KEY `sessions_user_id_index` (`user_id`),
  ADD KEY `sessions_last_activity_index` (`last_activity`);

--
-- A tábla indexei `snacks`
--
ALTER TABLE `snacks`
  ADD PRIMARY KEY (`id`),
  ADD KEY `snacks_category_id_foreign` (`category_id`);

--
-- A tábla indexei `snack_categories`
--
ALTER TABLE `snack_categories`
  ADD PRIMARY KEY (`id`);

--
-- A tábla indexei `users`
--
ALTER TABLE `users`
  ADD PRIMARY KEY (`id`),
  ADD UNIQUE KEY `users_felhasznalonev_unique` (`felhasznalonev`),
  ADD UNIQUE KEY `users_email_unique` (`email`);

--
-- A kiírt táblák AUTO_INCREMENT értéke
--

--
-- AUTO_INCREMENT a táblához `announcements`
--
ALTER TABLE `announcements`
  MODIFY `id` bigint(20) UNSIGNED NOT NULL AUTO_INCREMENT;

--
-- AUTO_INCREMENT a táblához `announcement_reads`
--
ALTER TABLE `announcement_reads`
  MODIFY `id` bigint(20) UNSIGNED NOT NULL AUTO_INCREMENT;

--
-- AUTO_INCREMENT a táblához `cart`
--
ALTER TABLE `cart`
  MODIFY `id` bigint(20) UNSIGNED NOT NULL AUTO_INCREMENT, AUTO_INCREMENT=5;

--
-- AUTO_INCREMENT a táblához `category`
--
ALTER TABLE `category`
  MODIFY `id` bigint(20) UNSIGNED NOT NULL AUTO_INCREMENT, AUTO_INCREMENT=8;

--
-- AUTO_INCREMENT a táblához `logs`
--
ALTER TABLE `logs`
  MODIFY `id` bigint(20) UNSIGNED NOT NULL AUTO_INCREMENT, AUTO_INCREMENT=12;

--
-- AUTO_INCREMENT a táblához `migrations`
--
ALTER TABLE `migrations`
  MODIFY `id` int(10) UNSIGNED NOT NULL AUTO_INCREMENT, AUTO_INCREMENT=41;

--
-- AUTO_INCREMENT a táblához `movies`
--
ALTER TABLE `movies`
  MODIFY `id` bigint(20) UNSIGNED NOT NULL AUTO_INCREMENT, AUTO_INCREMENT=335;

--
-- AUTO_INCREMENT a táblához `regi_kosar`
--
ALTER TABLE `regi_kosar`
  MODIFY `id` bigint(20) UNSIGNED NOT NULL AUTO_INCREMENT, AUTO_INCREMENT=170;

--
-- AUTO_INCREMENT a táblához `snacks`
--
ALTER TABLE `snacks`
  MODIFY `id` bigint(20) UNSIGNED NOT NULL AUTO_INCREMENT, AUTO_INCREMENT=40;

--
-- AUTO_INCREMENT a táblához `snack_categories`
--
ALTER TABLE `snack_categories`
  MODIFY `id` bigint(20) UNSIGNED NOT NULL AUTO_INCREMENT, AUTO_INCREMENT=7;

--
-- AUTO_INCREMENT a táblához `users`
--
ALTER TABLE `users`
  MODIFY `id` bigint(20) UNSIGNED NOT NULL AUTO_INCREMENT, AUTO_INCREMENT=88;

--
-- Megkötések a kiírt táblákhoz
--

--
-- Megkötések a táblához `announcement_reads`
--
ALTER TABLE `announcement_reads`
  ADD CONSTRAINT `announcement_reads_announcement_id_foreign` FOREIGN KEY (`announcement_id`) REFERENCES `announcements` (`id`) ON DELETE CASCADE,
  ADD CONSTRAINT `announcement_reads_user_id_foreign` FOREIGN KEY (`user_id`) REFERENCES `users` (`id`) ON DELETE CASCADE;

--
-- Megkötések a táblához `cart`
--
ALTER TABLE `cart`
  ADD CONSTRAINT `cart_movie_id_foreign` FOREIGN KEY (`movie_id`) REFERENCES `movies` (`id`),
  ADD CONSTRAINT `cart_snack_id_foreign` FOREIGN KEY (`snack_id`) REFERENCES `snacks` (`id`),
  ADD CONSTRAINT `cart_user_id_foreign` FOREIGN KEY (`user_id`) REFERENCES `users` (`id`) ON DELETE CASCADE;

--
-- Megkötések a táblához `logs`
--
ALTER TABLE `logs`
  ADD CONSTRAINT `logs_user_id_foreign` FOREIGN KEY (`user_id`) REFERENCES `users` (`id`) ON DELETE CASCADE;

--
-- Megkötések a táblához `movies`
--
ALTER TABLE `movies`
  ADD CONSTRAINT `movies_category_id_foreign` FOREIGN KEY (`category_id`) REFERENCES `category` (`id`) ON DELETE CASCADE ON UPDATE CASCADE;

--
-- Megkötések a táblához `regi_kosar`
--
ALTER TABLE `regi_kosar`
  ADD CONSTRAINT `carts_user_id_foreign` FOREIGN KEY (`user_id`) REFERENCES `users` (`id`) ON DELETE CASCADE;

--
-- Megkötések a táblához `snacks`
--
ALTER TABLE `snacks`
  ADD CONSTRAINT `snacks_category_id_foreign` FOREIGN KEY (`category_id`) REFERENCES `snack_categories` (`id`) ON DELETE CASCADE ON UPDATE CASCADE;
COMMIT;

/*!40101 SET CHARACTER_SET_CLIENT=@OLD_CHARACTER_SET_CLIENT */;
/*!40101 SET CHARACTER_SET_RESULTS=@OLD_CHARACTER_SET_RESULTS */;
/*!40101 SET COLLATION_CONNECTION=@OLD_COLLATION_CONNECTION */;
